"field_id","category","name_es","description","data_type","unit","allowed_values","min_value","max_value","precision","requirement_class","required_from_stage","conditional_expression","prohibited_default","expected_source_document","extraction_hints","used_by_calculation_ids","used_by_drawing_ids","blocking_if_missing","review_role","source_ids"
"MG-001","project","Nombre del proyecto microrred","Denominacion comercial del proyecto de sistema hibrido / microrred.","string","-","","0","0","0","PROJECT_MANDATORY","FEASIBILITY","","True","Ficha de proyecto / contrato","Texto libre en cubierta y portada","MG-C-026|MG-C-030","MG-DRW-001|MG-DRW-002","True","PROJECT_MANAGER","IEEE_1547_2018|IEEE_1547_1|IEEE_1547_4|IEEE_519_2022|IEEE_80_2013|IEEE_142|IEEE_2030_2|IEEE_C2_2023|IEEE_835|NFPA_70_2023|NFPA_855_2023|NFPA_780_2023|NFPA_13_2022|NFPA_15_2022|NFPA_20_2022|NFPA_30_2024|DNV_RP_0585"
"MG-002","project","Latitud del sitio","Latitud geodesica WGS84 del centroide del sitio microrred.","float","deg","[-90,90]","-90.0","90.0","6","PROJECT_MANDATORY","FEASIBILITY","","True","Estudio topografico / GPS","Decimal con 4 a 6 cifras","MG-C-038|MG-C-036","MG-DRW-001|MG-DRW-002|MG-DRW-017","True","PROJECT_MANAGER","ISO_19111|DNV_RP_0585|DNV_RP_C205"
"MG-003","project","Longitud del sitio","Longitud geodesica WGS84 del centroide del sitio microrred.","float","deg","[-180,180]","-180.0","180.0","6","PROJECT_MANDATORY","FEASIBILITY","","True","Estudio topografico / GPS","Decimal con 4 a 6 cifras","MG-C-038|MG-C-036","MG-DRW-001|MG-DRW-002|MG-DRW-017","True","PROJECT_MANAGER","ISO_19111|DNV_RP_0585"
"MG-004","site","Modo de operacion de la microrred","Modo de operacion principal: grid-tied, intentional island, hybrid.","enum","-","GRID_TIED|ISLAND|HYBRID","","0","0","PROJECT_MANDATORY","FEASIBILITY","","True","Memoria descriptiva / contrato","Texto grid-tied / island / hybrid","MG-C-010|MG-C-024|MG-C-026","MG-DRW-003|MG-DRW-004|MG-DRW-010","True","PROJECT_MANAGER","IEEE_1547_4|IEEE_1547_2018|DNV_RP_0585"
"MG-005","site","Carga sismica horizontal (PGA)","Aceleracion horizontal pico del sitio en g para diseno sismico.","float","g","[0.05,1.0]","0.05","1.0","3","PROJECT_MANDATORY","PRELIMINARY","","True","Estudio geotecnico / NTE-060","Numero + g","MG-C-038|MG-C-036","MG-DRW-001|MG-DRW-002|MG-DRW-015","True","CIVIL_ENGINEER","RNE_DS_011_2006|DNV_RP_0585"
"MG-006","site","Temperatura ambiente minima de diseno","Temperatura ambiente minima en regimen permanente.","float","degC","[-50,55]","-50.0","55.0","1","PROJECT_MANDATORY","FEASIBILITY","","True","Estudio meteorologico (NASA POWER / DNV)","Numero con signo y unidad","MG-C-033|MG-C-008","MG-DRW-011|MG-DRW-003","True","PROCESS_ENGINEER","DNV_RP_C205|NASA_POWER|NFPA_855_2023"
"MG-007","site","Temperatura ambiente maxima de diseno","Temperatura ambiente maxima en regimen permanente.","float","degC","[-50,55]","-50.0","55.0","1","PROJECT_MANDATORY","FEASIBILITY","","True","Estudio meteorologico","Numero con signo y unidad","MG-C-033|MG-C-008","MG-DRW-011|MG-DRW-003","True","PROCESS_ENGINEER","DNV_RP_C205|NASA_POWER|NFPA_855_2023"
"MG-008","site","Tipo de emplazamiento","Tipo de emplazamiento: indoor, outdoor, rooftop, mixed.","enum","-","INDOOR|OUTDOOR|ROOFTOP|MIXED","","0","0","PROJECT_MANDATORY","FEASIBILITY","","True","Memoria de emplazamiento","Texto indoor / outdoor / rooftop / mixed","MG-C-038","MG-DRW-001|MG-DRW-003","True","PROJECT_MANAGER","IEEE_1547_2018|IEEE_1547_1|IEEE_1547_4|IEEE_519_2022|IEEE_80_2013|IEEE_142|IEEE_2030_2|IEEE_C2_2023|IEEE_835|NFPA_70_2023|NFPA_855_2023|NFPA_780_2023|NFPA_13_2022|NFPA_15_2022|NFPA_20_2022|NFPA_30_2024|DNV_RP_0585"
"MG-009","project","Jurisdiccion del proyecto","Pais / region del proyecto para aplicabilidad normativa.","enum","-","PE|CL|BR|EC|CO|MX|AR|GLOBAL","","0","0","PROJECT_MANDATORY","FEASIBILITY","","True","Contrato / ficha de proyecto","Texto ISO codigo pais","MG-C-038|MG-C-036","MG-DRW-001|MG-DRW-013","True","PROJECT_MANAGER","MINEM_DS_013_2019|CNE_2011|COES_NCO_2019|DNV_RP_0585"
"MG-010","site","Resistividad del suelo (ohm-m)","Resistividad media del suelo para dimensionamiento de malla de tierra.","float","ohm-m","[1,10000]","1.0","10000.0","1","PROHIBITED_TO_ASSUME","BASIC_DESIGN","","True","Estudio geoelectrico / IEEE 80","Numero + ohm-m","MG-C-036|MG-C-037","MG-DRW-013","True","ELECTRICAL_ENGINEER","IEEE_80_2013|IEEE_142|IEC_60364_5_54|IEC_60364_4_41|NFPA_70_2023|DNV_RP_0585"
"MG-011","resource","Irradiancia global horizontal (GHI)","Irradiancia global horizontal promedio anual del sitio en kWh/m2/dia.","float","kWh/m2/day","[1,8]","1.0","8.0","2","PROJECT_MANDATORY","FEASIBILITY","","True","Estudio de recurso solar (NASA POWER / DNV)","Numero + kWh/m2/dia","MG-C-004|MG-C-007","MG-DRW-005","True","PROCESS_ENGINEER","NASA_POWER|DNV_RP_C205|DNV_RP_0585"
"MG-012","resource","Velocidad media de viento a altura de buje","Velocidad media anual del viento a altura de buje en m/s.","float","m/s","[2,12]","2.0","12.0","2","PROJECT_MANDATORY","FEASIBILITY","MG-018 == 'WIND'","True","Estudio de recurso eolico","Numero + m/s","MG-C-004|MG-C-007","MG-DRW-007","True","PROCESS_ENGINEER","NASA_POWER|DNV_RP_C205|IEC_61400_1|IEC_61400_15_1"
"MG-013","resource","Caudal aprovechable hidro","Caudal de diseno aprovechable en m3/s (probabilidad Q95).","float","m3/s","[0.01,500]","0.01","500.0","3","PROJECT_MANDATORY","FEASIBILITY","MG-018 == 'HYDRO'","True","Estudio hidrologico / ICOLD","Numero + m3/s","MG-C-004|MG-C-007","MG-DRW-008","True","PROCESS_ENGINEER","ICOLD_Bull_120|ISO_14685|IEC_60041|DNV_RP_0585"
"MG-014","resource","Salto neto hidro","Salto neto aprovechable en m.","float","m","[2,1500]","2.0","1500.0","2","PROJECT_MANDATORY","FEASIBILITY","MG-018 == 'HYDRO'","True","Estudio hidrologico","Numero + m","MG-C-004|MG-C-007","MG-DRW-008","True","PROCESS_ENGINEER","ICOLD_Bull_120|IEC_60041|DNV_RP_0585"
"MG-015","resource","Disponibilidad de biomasa","Cantidad de biomasa disponible en t/dia (materia seca).","float","t/day","[1,2000]","1.0","2000.0","1","PROJECT_MANDATORY","FEASIBILITY","MG-018 == 'BIOMASS'","True","Estudio de biomasa / contrato de suministro","Numero + t/dia","MG-C-004|MG-C-007","MG-DRW-009","True","PROCESS_ENGINEER","ISO_22790|MINAM_DS_019_2009|DNV_RP_0585"
"MG-016","resource","Poder calorifico inferior (PCI) biomasa","PCI de la biomasa en MJ/kg.","float","MJ/kg","[5,25]","5.0","25.0","2","PROJECT_MANDATORY","FEASIBILITY","MG-018 == 'BIOMASS'","True","Analisis de laboratorio / NIST WebBook","Numero + MJ/kg","MG-C-004|MG-C-007","MG-DRW-009","True","PROCESS_ENGINEER","NIST_WEBBOOK|ISO_22790|DNV_RP_0585"
"MG-017","resource","Produccion de biogas","Produccion de biogas en m3/h (CH4 55-65%).","float","m3/h","[1,5000]","1.0","5000.0","1","PROJECT_MANDATORY","FEASIBILITY","MG-018 == 'BIOGAS'","True","Estudio de biogas","Numero + m3/h","MG-C-004|MG-C-007","MG-DRW-009","True","PROCESS_ENGINEER","ISO_22790|IAPWS_IF97|DNV_RP_0585"
"MG-018","resource","Recursos renovables presentes","Lista de recursos presentes (lista separada por comas).","string","-","PV|WIND|HYDRO|BIOMASS|BIOGAS|GEOTHERMAL","","0","0","PROJECT_MANDATORY","FEASIBILITY","","True","Estudio de recursos","Lista csv","MG-C-007|MG-C-010","MG-DRW-003","True","PROJECT_MANAGER","NASA_POWER|DNV_RP_C205|DNV_RP_0585"
"MG-019","resource","Recurso geotermico disponible (MWt)","Recurso geotermico termico disponible en MWt.","float","MWt","[0.5,500]","0.5","500.0","2","PROJECT_MANDATORY","FEASIBILITY","MG-018 INCLUDES 'GEOTHERMAL'","True","Estudio geotermico / IGA","Numero + MWt","MG-C-004|MG-C-007","MG-DRW-009","True","PROCESS_ENGINEER","IGA_BestPractices|ASME_B31_1_2022|DNV_RP_0585"
"MG-020","resource","Temperatura pozo geotermico","Temperatura del pozo geotermico en degC.","float","degC","[60,350]","60.0","350.0","1","PROJECT_MANDATORY","FEASIBILITY","MG-018 INCLUDES 'GEOTHERMAL'","True","Estudio geotermico","Numero + degC","MG-C-004|MG-C-007","MG-DRW-009","True","PROCESS_ENGINEER","IGA_BestPractices|IAPWS_IF97|NIST_WEBBOOK|DNV_RP_0585"
"MG-021","resource","Cobertura de nieve / dust factor","Factor de degradacion por nieve o polvo (0-1).","float","-","[0,1]","0.0","1.0","2","TECHNOLOGY_OPTIONAL","BASIC_DESIGN","","False","Estudio de recurso / NASA POWER","Decimal 0-1","MG-C-004|MG-C-007","MG-DRW-005","False","PROCESS_ENGINEER","NASA_POWER|DNV_RP_C205"
"MG-022","resource","Humedad relativa ambiente maxima","Humedad relativa ambiente maxima de diseno en %.","float","%","[10,100]","10.0","100.0","0","TECHNOLOGY_MANDATORY","PRELIMINARY","","True","Estudio meteorologico","Numero + % RH","MG-C-033|MG-C-008","MG-DRW-011|MG-DRW-003","True","PROCESS_ENGINEER","DNV_RP_C205|NASA_POWER"
"MG-023","demand","Demanda pico activa (kW)","Demanda activa pico medida en kW.","float","kW","[1,100000]","1.0","100000.0","1","PROJECT_MANDATORY","FEASIBILITY","","True","Estudio de demanda / SCADA","Numero + kW","MG-C-001|MG-C-002|MG-C-013","MG-DRW-003|MG-DRW-016","True","PROCESS_ENGINEER","IEEE_1547_2018|COES_NCO_2019|DNV_RP_0585"
"MG-024","demand","Demanda base activa (kW)","Demanda activa base (minima sostenida) en kW.","float","kW","[1,100000]","1.0","100000.0","1","PROJECT_MANDATORY","FEASIBILITY","","True","Estudio de demanda","Numero + kW","MG-C-002|MG-C-003|MG-C-013","MG-DRW-003|MG-DRW-016","True","PROCESS_ENGINEER","IEEE_1547_2018|DNV_RP_0585"
"MG-025","demand","Factor de carga","Factor de carga = E_promedio / E_pico (0-1).","float","-","[0,1]","0.0","1.0","3","PROJECT_MANDATORY","FEASIBILITY","","True","Estudio de demanda","Decimal 0-1","MG-C-003","MG-DRW-003|MG-DRW-016","True","PROCESS_ENGINEER","IEEE_1547_2018|IEEE_1547_1|IEEE_1547_4|IEEE_519_2022|IEEE_80_2013|IEEE_142|IEEE_2030_2|IEEE_C2_2023|IEEE_835|NFPA_70_2023|NFPA_855_2023|NFPA_780_2023|NFPA_13_2022|NFPA_15_2022|NFPA_20_2022|NFPA_30_2024|DNV_RP_0585"
"MG-026","demand","Energia diaria (kWh/dia)","Consumo de energia activa diaria en kWh/dia.","float","kWh/day","[1,1000000]","1.0","1000000.0","1","PROJECT_MANDATORY","FEASIBILITY","","True","Estudio de demanda","Numero + kWh/dia","MG-C-004|MG-C-005|MG-C-006","MG-DRW-003|MG-DRW-016","True","PROCESS_ENGINEER","COES_NCO_2019|IEEE_1547_2018|DNV_RP_0585"
"MG-027","demand","Energia mensual (kWh/mes)","Consumo de energia activa mensual en kWh/mes.","float","kWh/month","[1,30000000]","1.0","30000000.0","1","PROJECT_MANDATORY","FEASIBILITY","","True","Estudio de demanda","Numero + kWh/mes","MG-C-006","MG-DRW-003|MG-DRW-016","True","PROCESS_ENGINEER","COES_NCO_2019|IEEE_1547_2018|DNV_RP_0585"
"MG-028","demand","Energia anual (kWh/ano)","Consumo de energia activa anual en kWh/ano.","float","kWh/year","[1,400000000]","1.0","400000000.0","1","PROJECT_MANDATORY","FEASIBILITY","","True","Estudio de demanda","Numero + kWh/ano","MG-C-006|MG-C-007","MG-DRW-003|MG-DRW-016","True","PROCESS_ENGINEER","COES_NCO_2019|IEEE_1547_2018|DNV_RP_0585"
"MG-029","demand","Carga critica (kW)","Demanda de carga critica (interrumpible cero) en kW.","float","kW","[0,100000]","0.0","100000.0","1","PROHIBITED_TO_ASSUME","BASIC_DESIGN","","True","Estudio de criticidad de carga","Numero + kW","MG-C-013|MG-C-008","MG-DRW-003|MG-DRW-016","True","PROCESS_ENGINEER","IEEE_1547_4|IEEE_1547_2018|DNV_RP_0585"
"MG-030","demand","Carga controlable (kW)","Demanda controlable / despachable en kW (cargas interrumpibles).","float","kW","[0,100000]","0.0","100000.0","1","PROHIBITED_TO_ASSUME","BASIC_DESIGN","","True","Estudio de demanda / DR","Numero + kW","MG-C-013|MG-C-010","MG-DRW-003|MG-DRW-016","True","PROCESS_ENGINEER","IEEE_2030_2|IEEE_1547_2018|DNV_RP_0585"
"MG-031","demand","Objetivo de peak shaving (kW)","Pico objetivo a rasurar (peak shaving target) en kW.","float","kW","[1,100000]","1.0","100000.0","1","PROHIBITED_TO_ASSUME","BASIC_DESIGN","","True","Memoria EMS / contrato de servicios","Numero + kW","MG-C-013|MG-C-010","MG-DRW-015|MG-DRW-016","True","EMS_ENGINEER","IEEE_2030_2|COES_NCO_2019|DNV_RP_0585"
"MG-032","demand","Perfil diario 24h","Perfil de demanda activa 24h (array 24 valores en kW).","string","-","array[24]","","0","0","PROJECT_MANDATORY","FEASIBILITY","","True","Estudio de demanda / SCADA","Array de 24 valores","MG-C-001|MG-C-002|MG-C-003|MG-C-004","MG-DRW-003|MG-DRW-016","True","PROCESS_ENGINEER","COES_NCO_2019|IEEE_1547_2018|DNV_RP_0585"
"MG-033","demand","Perfil semanal 168h","Perfil de demanda activa 168h (array de 168 valores en kW).","string","-","array[168]","","0","0","PROJECT_MANDATORY","FEASIBILITY","","True","Estudio de demanda","Array de 168 valores","MG-C-005","MG-DRW-003|MG-DRW-016","True","PROCESS_ENGINEER","COES_NCO_2019|IEEE_1547_2018|DNV_RP_0585"
"MG-034","demand","Perfil mensual 12 meses","Perfil de demanda activa mensual (12 valores en kWh).","string","-","array[12]","","0","0","PROJECT_MANDATORY","FEASIBILITY","","True","Estudio de demanda","Array de 12 valores","MG-C-006","MG-DRW-003|MG-DRW-016","True","PROCESS_ENGINEER","COES_NCO_2019|IEEE_1547_2018|DNV_RP_0585"
"MG-035","demand","Variacion estacional (%)","Variacion estacional maxima respecto al promedio en %.","float","%","[0,200]","0.0","200.0","1","TECHNOLOGY_MANDATORY","PRELIMINARY","","True","Estudio de demanda","Numero + %","MG-C-006|MG-C-007","MG-DRW-003|MG-DRW-016","True","PROCESS_ENGINEER","IEEE_1547_2018|IEEE_1547_1|IEEE_1547_4|IEEE_519_2022|IEEE_80_2013|IEEE_142|IEEE_2030_2|IEEE_C2_2023|IEEE_835|NFPA_70_2023|NFPA_855_2023|NFPA_780_2023|NFPA_13_2022|NFPA_15_2022|NFPA_20_2022|NFPA_30_2024|DNV_RP_0585"
"MG-036","demand","Factor de simultaneidad","Factor de simultaneidad de la demanda (0-1).","float","-","[0.1,1]","0.1","1.0","3","PROHIBITED_TO_ASSUME","BASIC_DESIGN","","True","Estudio de demanda","Decimal 0-1","MG-C-001|MG-C-013","MG-DRW-003","True","PROCESS_ENGINEER","IEEE_1547_2018|IEEE_1547_1|IEEE_1547_4|IEEE_519_2022|IEEE_80_2013|IEEE_142|IEEE_2030_2|IEEE_C2_2023|IEEE_835|NFPA_70_2023|NFPA_855_2023|NFPA_780_2023|NFPA_13_2022|NFPA_15_2022|NFPA_20_2022|NFPA_30_2024|DNV_RP_0585"
"MG-037","demand","Crecimiento anual de demanda (%)","Tasa de crecimiento anual de la demanda en %.","float","%/year","[0,30]","0.0","30.0","2","PROJECT_MANDATORY","FEASIBILITY","","True","Estudio de mercado / contrato","Numero + %/ano","MG-C-006|MG-C-007","MG-DRW-003","True","PROJECT_MANAGER","COES_NCO_2019|MINEM_DS_013_2019|DNV_RP_0585"
"MG-038","demand","Factor de potencia promedio","Factor de potencia promedio de la demanda.","float","-","[0.5,1]","0.5","1.0","3","PROJECT_MANDATORY","FEASIBILITY","","True","Estudio de demanda","Decimal 0-1","MG-C-033|MG-C-034","MG-DRW-003","True","PROCESS_ENGINEER","IEEE_519_2022|IEEE_1547_2018|DNV_RP_0585"
"MG-039","demand","Demanda reactiva pico (kvar)","Demanda reactiva pico en kvar.","float","kvar","[0,50000]","0.0","50000.0","1","PROJECT_MANDATORY","FEASIBILITY","","True","Estudio de demanda","Numero + kvar","MG-C-033|MG-C-034","MG-DRW-003","True","PROCESS_ENGINEER","IEEE_519_2022|IEEE_1547_2018|UL_1741|DNV_RP_0585"
"MG-040","demand","Duracion del pico (h)","Duracion del pico de demanda en horas.","float","h","[0.5,24]","0.5","24.0","2","PROJECT_MANDATORY","FEASIBILITY","","True","Estudio de demanda","Numero + h","MG-C-013|MG-C-012","MG-DRW-003|MG-DRW-015","True","PROCESS_ENGINEER","IEEE_1547_2018|IEEE_1547_1|IEEE_1547_4|IEEE_519_2022|IEEE_80_2013|IEEE_142|IEEE_2030_2|IEEE_C2_2023|IEEE_835|NFPA_70_2023|NFPA_855_2023|NFPA_780_2023|NFPA_13_2022|NFPA_15_2022|NFPA_20_2022|NFPA_30_2024|DNV_RP_0585"
"MG-041","dispatch","Sistema de gestion de energia (EMS)","Indica la presencia de EMS para despacho economico.","enum","-","YES|NO","","0","0","PROJECT_MANDATORY","FEASIBILITY","","True","Memoria EMS","YES/NO","MG-C-010|MG-C-011","MG-DRW-010|MG-DRW-015","True","EMS_ENGINEER","IEEE_2030_2|IEEE_1547_2018|DNV_RP_0585"
"MG-042","dispatch","Objetivo de optimizacion EMS","Funcion objetivo del despacho: costo, CO2, confiabilidad, mixto.","enum","-","COST|CO2|RELIABILITY|MIXED","","0","0","PROJECT_MANDATORY","FEASIBILITY","MG-041 == 'YES'","True","Memoria EMS","Texto del objetivo","MG-C-010|MG-C-011","MG-DRW-010|MG-DRW-015","True","EMS_ENGINEER","IEEE_2030_2|IEEE_1547_2018|DNV_RP_0585"
"MG-043","dispatch","Orden de prioridad de despacho","Orden de prioridad: RE first, storage, grid, diesel.","string","-","RE>BESS>GRID>DIESEL|RE>GRID>BESS>DIESEL","0","0","0","PROHIBITED_TO_ASSUME","BASIC_DESIGN","MG-041 == 'YES'","True","Memoria EMS","Lista ordenada","MG-C-010|MG-C-011","MG-DRW-010|MG-DRW-015","True","EMS_ENGINEER","IEEE_1547_4|IEEE_2030_2|DNV_RP_0585"
"MG-044","dispatch","Ramp rate EMS (%MW/min)","Tasa de variacion maxima de despacho en %MW/min.","float","%/min","[0.1,100]","0.1","100.0","2","PROHIBITED_TO_ASSUME","BASIC_DESIGN","","True","Memoria EMS / COES NCO","Numero + %/min","MG-C-010|MG-C-013","MG-DRW-010|MG-DRW-015","True","EMS_ENGINEER","COES_NCO_2019|IEEE_1547_2018|DNV_RP_0585"
"MG-045","dispatch","Tiempo de respuesta EMS (ms)","Tiempo de respuesta del EMS en ms.","float","ms","[10,5000]","10.0","5000.0","0","TECHNOLOGY_MANDATORY","PRELIMINARY","","True","Datasheet EMS","Numero + ms","MG-C-010|MG-C-015","MG-DRW-010|MG-DRW-015","True","EMS_ENGINEER","IEEE_2030_2|IEEE_1547_2018|IEC_61400_25|IEC_61508_1|IEC_62368_1|DNV_RP_0585"
"MG-046","dispatch","Horizonte de forecast (h)","Horizonte de pronostico de generacion y demanda en horas.","float","h","[1,168]","1.0","168.0","1","TECHNOLOGY_MANDATORY","PRELIMINARY","","True","Memoria EMS","Numero + h","MG-C-010|MG-C-011","MG-DRW-010|MG-DRW-015","True","EMS_ENGINEER","IEEE_2030_2|IEEE_1547_2018|IEC_61400_25|IEC_61508_1|IEC_62368_1|DNV_RP_0585"
"MG-047","dispatch","Resolucion de despacho (min)","Resolucion temporal del despacho en minutos.","float","min","[1,60]","1.0","60.0","0","TECHNOLOGY_MANDATORY","PRELIMINARY","","True","Datasheet EMS","Numero + min","MG-C-010|MG-C-011","MG-DRW-010|MG-DRW-015","True","EMS_ENGINEER","IEEE_2030_2|IEEE_1547_2018|IEC_61400_25|IEC_61508_1|IEC_62368_1|DNV_RP_0585"
"MG-048","dispatch","Funciones del EMS","Funciones del EMS: monitoring, control, dispatch, optimization, forecasting.","string","-","csv list","","0","0","TECHNOLOGY_MANDATORY","PRELIMINARY","","True","Datasheet EMS","Lista csv","MG-C-010|MG-C-011","MG-DRW-010|MG-DRW-015","True","EMS_ENGINEER","IEEE_2030_2|IEEE_1547_2018|IEC_61400_25|IEC_61508_1|IEC_62368_1|DNV_RP_0585"
"MG-049","dispatch","Forecast de generacion PV/wind (h)","Horizonte de forecast PV/wind en horas.","float","h","[1,72]","1.0","72.0","1","TECHNOLOGY_MANDATORY","PRELIMINARY","","True","Memoria EMS","Numero + h","MG-C-010|MG-C-011","MG-DRW-010|MG-DRW-015","True","EMS_ENGINEER","IEEE_2030_2|IEEE_1547_2018|IEC_61400_25|IEC_61508_1|IEC_62368_1|DNV_RP_0585"
"MG-050","dispatch","Forecast de demanda (h)","Horizonte de forecast de demanda en horas.","float","h","[1,168]","1.0","168.0","1","TECHNOLOGY_MANDATORY","PRELIMINARY","","True","Memoria EMS","Numero + h","MG-C-010|MG-C-011","MG-DRW-010|MG-DRW-015","True","EMS_ENGINEER","IEEE_2030_2|IEEE_1547_2018|IEC_61400_25|IEC_61508_1|IEC_62368_1|DNV_RP_0585"
"MG-051","dispatch","Reserva rodante objetivo (kW)","Reserva rodante (spinning reserve) objetivo en kW.","float","kW","[0,50000]","0.0","50000.0","1","PROHIBITED_TO_ASSUME","BASIC_DESIGN","","True","Memoria EMS / COES NCO","Numero + kW","MG-C-014|MG-C-015|MG-C-010","MG-DRW-010|MG-DRW-015","True","EMS_ENGINEER","COES_NCO_2019|IEEE_1547_4|DNV_RP_0585"
"MG-052","dispatch","Reserva de storage (kWh)","Reserva de almacenamiento para reserva rodante en kWh.","float","kWh","[0,1000000]","0.0","1000000.0","1","PROHIBITED_TO_ASSUME","BASIC_DESIGN","","True","Memoria EMS","Numero + kWh","MG-C-008|MG-C-009|MG-C-010","MG-DRW-006|MG-DRW-015","True","EMS_ENGINEER","IEC_62933_2_1|IEEE_2030_2|DNV_RP_0585"
"MG-053","reliability","SAIDI objetivo (min/cliente/ano)","Indice SAIDI (System Average Interruption Duration Index) objetivo.","float","min/customer/year","[0,2000]","0.0","2000.0","1","PROHIBITED_TO_ASSUME","BASIC_DESIGN","","True","Memoria de confiabilidad","Numero + min/cliente/ano","MG-C-026","MG-DRW-003|MG-DRW-015","True","PROCESS_ENGINEER","IEEE_1547_4|COES_NCO_2019|OSINERGMIN_PR_27|DNV_RP_0585"
"MG-054","reliability","SAIFI objetivo (1/cliente/ano)","Indice SAIFI (System Average Interruption Frequency Index) objetivo.","float","1/customer/year","[0,50]","0.0","50.0","2","PROHIBITED_TO_ASSUME","BASIC_DESIGN","","True","Memoria de confiabilidad","Numero + 1/cliente/ano","MG-C-027","MG-DRW-003|MG-DRW-015","True","PROCESS_ENGINEER","IEEE_1547_4|COES_NCO_2019|OSINERGMIN_PR_27|DNV_RP_0585"
"MG-055","reliability","CAIDI objetivo (min/interrupcion)","Indice CAIDI (Customer Average Interruption Duration Index) objetivo.","float","min/interruption","[0,500]","0.0","500.0","1","PROHIBITED_TO_ASSUME","BASIC_DESIGN","","True","Memoria de confiabilidad","Numero + min/interrupcion","MG-C-028","MG-DRW-003|MG-DRW-015","True","PROCESS_ENGINEER","IEEE_1547_4|COES_NCO_2019|OSINERGMIN_PR_27|DNV_RP_0585"
"MG-056","reliability","LOLP objetivo","Loss of Load Probability objetivo (0-1).","float","-","[0,1]","0.0","1.0","4","PROHIBITED_TO_ASSUME","BASIC_DESIGN","","True","Memoria de confiabilidad","Decimal 0-1","MG-C-029","MG-DRW-003|MG-DRW-015","True","PROCESS_ENGINEER","IEEE_1547_4|DNV_RP_0585|COES_NCO_2019"
"MG-057","reliability","EENS objetivo (kWh/ano)","Expected Energy Not Served objetivo en kWh/ano.","float","kWh/year","[0,1000000]","0.0","1000000.0","1","PROHIBITED_TO_ASSUME","BASIC_DESIGN","","True","Memoria de confiabilidad","Numero + kWh/ano","MG-C-030","MG-DRW-003|MG-DRW-015","True","PROCESS_ENGINEER","IEEE_1547_4|COES_NCO_2019|DNV_RP_0585"
"MG-058","reliability","Tasa de fallo de generadores (1/h)","Tasa de fallo media de generadores en 1/h (MTTF^-1).","float","1/h","[0,0.01]","0.0","0.01","6","PROHIBITED_TO_ASSUME","BASIC_DESIGN","","True","Estudio de confiabilidad / datasheet","Decimal 1/h","MG-C-029|MG-C-030","MG-DRW-003|MG-DRW-015","True","PROCESS_ENGINEER","IEEE_1547_4|DNV_RP_0585|IEC_62256"
"MG-059","reliability","Tiempo medio de reparacion (h)","Mean Time To Repair (MTTR) en horas.","float","h","[0.5,720]","0.5","720.0","1","PROHIBITED_TO_ASSUME","BASIC_DESIGN","","True","Estudio de confiabilidad","Numero + h","MG-C-029|MG-C-030","MG-DRW-003|MG-DRW-015","True","PROCESS_ENGINEER","IEEE_1547_4|DNV_RP_0585"
"MG-060","island","Islanding intencional habilitado","Indica si la microrred opera en modo isla intencional.","enum","-","YES|NO","","0","0","PROJECT_MANDATORY","FEASIBILITY","","True","Memoria descriptiva","YES/NO","MG-C-022|MG-C-024","MG-DRW-003|MG-DRW-004|MG-DRW-010","True","PROJECT_MANAGER","IEEE_1547_4|IEEE_1547_2018|DNV_RP_0585"
"MG-061","island","Tiempo de transicion isla (s)","Tiempo de transicion grid-isla en segundos (seamless < 100 ms).","float","s","[0.01,60]","0.01","60.0","3","PROHIBITED_TO_ASSUME","BASIC_DESIGN","MG-060 == 'YES'","True","Memoria EMS / datasheet","Numero + s","MG-C-022|MG-C-019","MG-DRW-004|MG-DRW-010","True","EMS_ENGINEER","IEEE_1547_4|IEEE_1547_2018|UL_1741|DNV_RP_0585"
"MG-062","island","Transicion seamless","Indica si la transicion grid-isla es seamless (< 100 ms).","enum","-","YES|NO","","0","0","PROHIBITED_TO_ASSUME","BASIC_DESIGN","MG-060 == 'YES'","True","Datasheet PCS / memoria","YES/NO","MG-C-022|MG-C-019","MG-DRW-004|MG-DRW-010","True","EMS_ENGINEER","IEEE_1547_4|UL_1741|IEEE_1547_2018|DNV_RP_0585"
"MG-063","island","Carga en isla (kW)","Carga a alimentar en modo isla en kW.","float","kW","[0,50000]","0.0","50000.0","1","PROHIBITED_TO_ASSUME","BASIC_DESIGN","MG-060 == 'YES'","True","Memoria de operacion isla","Numero + kW","MG-C-008|MG-C-009|MG-C-022","MG-DRW-003|MG-DRW-004","True","PROCESS_ENGINEER","IEEE_1547_4|IEEE_1547_2018|DNV_RP_0585"
"MG-064","blackstart","Capacidad de black start","Indica si la microrred puede realizar black start.","enum","-","YES|NO","","0","0","PROJECT_MANDATORY","FEASIBILITY","","True","Memoria / contrato","YES/NO","MG-C-026|MG-C-015","MG-DRW-003|MG-DRW-010|MG-DRW-015","True","PROJECT_MANAGER","IEEE_1547_4|IEEE_1547_2018|COES_NCO_2019|DNV_RP_0585"
"MG-065","blackstart","Secuencia de black start","Secuencia de arranque en black start (lista de pasos).","string","-","array","","0","0","PROHIBITED_TO_ASSUME","BASIC_DESIGN","MG-064 == 'YES'","True","Memoria de operacion","Lista de pasos","MG-C-015|MG-C-026","MG-DRW-010|MG-DRW-015","True","EMS_ENGINEER","IEEE_1547_4|IEEE_1547_2018|DNV_RP_0585"
"MG-066","blackstart","Tiempo de black start (min)","Tiempo total de black start en minutos.","float","min","[1,120]","1.0","120.0","1","PROHIBITED_TO_ASSUME","BASIC_DESIGN","MG-064 == 'YES'","True","Memoria de operacion","Numero + min","MG-C-015|MG-C-026","MG-DRW-010|MG-DRW-015","True","EMS_ENGINEER","IEEE_1547_4|IEEE_1547_2018|COES_NCO_2019|DNV_RP_0585"
"MG-067","blackstart","Generadores de black start (lista)","Lista de generadores que ejecutan black start.","string","-","csv list","","0","0","PROHIBITED_TO_ASSUME","BASIC_DESIGN","MG-064 == 'YES'","True","Memoria de operacion","Lista csv","MG-C-015|MG-C-026","MG-DRW-010|MG-DRW-015","True","EMS_ENGINEER","IEEE_1547_4|IEEE_1547_2018|DNV_RP_0585"
"MG-068","blackstart","Capacidad de black start (kW)","Capacidad de generadores de black start en kW.","float","kW","[1,50000]","1.0","50000.0","1","PROHIBITED_TO_ASSUME","BASIC_DESIGN","MG-064 == 'YES'","True","Datasheet / memoria","Numero + kW","MG-C-015|MG-C-026","MG-DRW-010|MG-DRW-015","True","EMS_ENGINEER","IEEE_1547_4|IEEE_1547_2018|DNV_RP_0585"
"MG-069","control","Inversores grid-forming","Lista de inversores/PCS en modo grid-forming.","string","-","csv list","","0","0","PROHIBITED_TO_ASSUME","BASIC_DESIGN","","True","Memoria electrica / datasheet PCS","Lista csv","MG-C-019|MG-C-016|MG-C-018","MG-DRW-003|MG-DRW-005|MG-DRW-006|MG-DRW-010","True","ELECTRICAL_ENGINEER","UL_1741|IEEE_1547_2018|IEEE_1547_4|IEEE_519_2022|IEC_62109_1|IEC_62894|DNV_RP_0585"
"MG-070","control","Inversores grid-following","Lista de inversores/PCS en modo grid-following.","string","-","csv list","","0","0","PROHIBITED_TO_ASSUME","BASIC_DESIGN","","True","Memoria electrica","Lista csv","MG-C-020|MG-C-017","MG-DRW-003|MG-DRW-005|MG-DRW-006|MG-DRW-010","True","ELECTRICAL_ENGINEER","UL_1741|IEEE_1547_2018|IEEE_1547_4|IEEE_519_2022|IEC_62109_1|IEC_62894|DNV_RP_0585"
"MG-071","control","Droop control (%)","Droop de control de frecuencia de inversores grid-forming en %.","float","%","[1,10]","1.0","10.0","2","PROHIBITED_TO_ASSUME","BASIC_DESIGN","","True","Memoria electrica / datasheet PCS","Numero + %","MG-C-017|MG-C-018","MG-DRW-003|MG-DRW-010|MG-DRW-015","True","ELECTRICAL_ENGINEER","UL_1741|IEEE_1547_2018|IEEE_1547_4|IEEE_519_2022|IEC_62109_1|IEC_62894|DNV_RP_0585"
"MG-072","control","Virtual Synchronous Generator (VSG)","Indica si los PCS implementan VSG (virtual synchronous generator).","enum","-","YES|NO","","0","0","PROHIBITED_TO_ASSUME","BASIC_DESIGN","","True","Datasheet PCS","YES/NO","MG-C-018|MG-C-016","MG-DRW-003|MG-DRW-010|MG-DRW-015","True","ELECTRICAL_ENGINEER","UL_1741|IEEE_1547_2018|IEEE_1547_4|IEEE_519_2022|IEC_62109_1|IEC_62894|DNV_RP_0585"
"MG-073","control","Virtual Synchronous Condenser (VSC)","Indica si los PCS implementan VSC (virtual synchronous condenser).","enum","-","YES|NO","","0","0","PROHIBITED_TO_ASSUME","BASIC_DESIGN","","True","Datasheet PCS","YES/NO","MG-C-016|MG-C-017","MG-DRW-003|MG-DRW-010|MG-DRW-015","True","ELECTRICAL_ENGINEER","UL_1741|IEEE_1547_2018|IEEE_1547_4|IEEE_519_2022|IEC_62109_1|IEC_62894|DNV_RP_0585"
"MG-074","control","Inercia sintetica (kW*s)","Inercia sintetica de los PCS en kW*s.","float","kW*s","[0,10000]","0.0","10000.0","1","PROHIBITED_TO_ASSUME","BASIC_DESIGN","","True","Datasheet PCS","Numero + kW*s","MG-C-016|MG-C-015","MG-DRW-003|MG-DRW-010|MG-DRW-015","True","ELECTRICAL_ENGINEER","UL_1741|IEEE_1547_2018|IEEE_1547_4|IEEE_519_2022|IEC_62109_1|IEC_62894|DNV_RP_0585"
"MG-075","control","Fast Frequency Response (FFR)","Indica si los PCS habilitan Fast Frequency Response (FFR).","enum","-","YES|NO","","0","0","PROJECT_MANDATORY","FEASIBILITY","","True","Memoria / contrato de servicios","YES/NO","MG-C-015|MG-C-010","MG-DRW-010|MG-DRW-015","True","EMS_ENGINEER","IEEE_1547_2018|IEEE_1547_4|IEEE_2030_2|COES_NCO_2019|COES_Proyectos_Conexion|OSINERGMIN_PR_17|DNV_RP_0585"
"MG-076","stability","Estabilidad de frecuencia","Indica si se ha realizado estudio de estabilidad de frecuencia.","enum","-","YES|NO","","0","0","PROJECT_MANDATORY","BASIC_DESIGN","","True","Estudio de estabilidad","YES/NO","MG-C-015|MG-C-017","MG-DRW-010|MG-DRW-012","True","ELECTRICAL_ENGINEER","IEEE_1547_2018|IEEE_1547_4|DNV_RP_0585"
"MG-077","stability","Estabilidad de tension","Indica si se ha realizado estudio de estabilidad de tension.","enum","-","YES|NO","","0","0","PROJECT_MANDATORY","BASIC_DESIGN","","True","Estudio de estabilidad","YES/NO","MG-C-033|MG-C-034","MG-DRW-010|MG-DRW-012","True","ELECTRICAL_ENGINEER","IEEE_1547_2018|IEEE_519_2022|DNV_RP_0585"
"MG-078","stability","Estabilidad transitoria","Indica si se ha realizado estudio de estabilidad transitoria.","enum","-","YES|NO","","0","0","PROJECT_MANDATORY","BASIC_DESIGN","","True","Estudio de estabilidad","YES/NO","MG-C-015|MG-C-016","MG-DRW-010|MG-DRW-012","True","ELECTRICAL_ENGINEER","IEEE_1547_2018|IEEE_1547_4|DNV_RP_0585"
"MG-079","stability","Amortiguamiento de oscilaciones","Indica si se ha analizado el amortiguamiento de oscilaciones (0.5-2 Hz).","enum","-","YES|NO","","0","0","TECHNOLOGY_MANDATORY","BASIC_DESIGN","","True","Estudio de estabilidad","YES/NO","MG-C-016|MG-C-018","MG-DRW-010|MG-DRW-012","True","ELECTRICAL_ENGINEER","IEEE_1547_2018|IEEE_1547_4|DNV_RP_0585"
"MG-080","stability","Primary Frequency Response (PFR)","Indica si los PCS habilitan respuesta primaria de frecuencia.","enum","-","YES|NO","","0","0","PROJECT_MANDATORY","FEASIBILITY","","True","Memoria / contrato","YES/NO","MG-C-014|MG-C-015","MG-DRW-010|MG-DRW-015","True","EMS_ENGINEER","IEEE_1547_2018|IEEE_1547_4|IEEE_2030_2|COES_NCO_2019|COES_Proyectos_Conexion|OSINERGMIN_PR_17|DNV_RP_0585"
"MG-081","stability","Tiempo soporte PFR (s)","Tiempo de soporte de PFR en segundos.","float","s","[10,1800]","10.0","1800.0","1","TECHNOLOGY_MANDATORY","PRELIMINARY","","True","Memoria / contrato","Numero + s","MG-C-014|MG-C-015","MG-DRW-010|MG-DRW-015","True","EMS_ENGINEER","IEEE_1547_2018|IEEE_1547_4|IEEE_2030_2|COES_NCO_2019|COES_Proyectos_Conexion|OSINERGMIN_PR_17|DNV_RP_0585"
"MG-082","stability","Inyeccion de reactivos (IR)","Indica si los PCS habilitan compensacion de reactivos.","enum","-","YES|NO","","0","0","PROJECT_MANDATORY","FEASIBILITY","","True","Memoria / contrato","YES/NO","MG-C-033|MG-C-010","MG-DRW-010|MG-DRW-015","True","EMS_ENGINEER","IEEE_1547_2018|IEEE_1547_4|IEEE_2030_2|COES_NCO_2019|COES_Proyectos_Conexion|OSINERGMIN_PR_17|DNV_RP_0585"
"MG-083","protection","Coordinacion de protecciones","Indica si se ha realizado estudio de coordinacion de protecciones.","enum","-","YES|NO","","0","0","PROJECT_MANDATORY","BASIC_DESIGN","","True","Estudio de protecciones","YES/NO","MG-C-021","MG-DRW-012","True","ELECTRICAL_ENGINEER","IEEE_C2_2023|NFPA_70_2023|IEEE_1547_2018|DNV_RP_0585"
"MG-084","protection","Reles direccionales","Cantidad de reles direccionales instalados.","integer","-","[0,200]","0","200","0","TECHNOLOGY_MANDATORY","BASIC_DESIGN","","True","Memoria de protecciones / datasheet","Entero positivo","MG-C-021","MG-DRW-012","True","ELECTRICAL_ENGINEER","IEEE_1547_2018|IEEE_1547_4|IEEE_C2_2023|NFPA_70_2023|IEC_60364_4_41|IEC_60364_5_54|UL_1741|DNV_RP_0585"
"MG-085","protection","Anti-islanding","Indica si se ha implementado anti-islanding segun IEEE 1547.4 / IEC 62116.","enum","-","YES|NO","","0","0","PROJECT_MANDATORY","BASIC_DESIGN","","True","Memoria de protecciones","YES/NO","MG-C-022|MG-C-023|MG-C-024","MG-DRW-012","True","ELECTRICAL_ENGINEER","IEEE_1547_4|IEEE_1547_2018|IEC_62116|UL_1741"
"MG-086","protection","Deteccion de isla (metodo)","Metodo de deteccion de isla: ROCOF, vector shift, underv/overv, etc.","enum","-","ROCOF|VECTOR_SHIFT|UV_OV|UV_OF|IMPEDANCE","","0","0","PROHIBITED_TO_ASSUME","BASIC_DESIGN","MG-085 == 'YES'","True","Memoria de protecciones","Texto del metodo","MG-C-022|MG-C-023","MG-DRW-012","True","ELECTRICAL_ENGINEER","IEEE_1547_4|IEEE_1547_2018|IEC_62116|UL_1741|DNV_RP_0585"
"MG-087","protection","Recierre automatico","Indica si se ha implementado recierre automatico (reclosing).","enum","-","YES|NO","","0","0","TECHNOLOGY_MANDATORY","BASIC_DESIGN","","True","Memoria de protecciones","YES/NO","MG-C-021","MG-DRW-012","True","ELECTRICAL_ENGINEER","IEEE_C2_2023|NFPA_70_2023|IEEE_1547_4|DNV_RP_0585"
"MG-088","protection","Umbral ROCOF (Hz/s)","Umbral de deteccion ROCOF en Hz/s.","float","Hz/s","[0.1,5]","0.1","5.0","3","PROHIBITED_TO_ASSUME","BASIC_DESIGN","MG-086 == 'ROCOF'","True","Memoria de protecciones","Numero + Hz/s","MG-C-022","MG-DRW-012","True","ELECTRICAL_ENGINEER","IEEE_1547_4|IEEE_1547_2018|IEC_62116|DNV_RP_0585"
"MG-089","protection","Umbral vector shift (deg)","Umbral de deteccion vector shift en grados.","float","deg","[1,30]","1.0","30.0","1","PROHIBITED_TO_ASSUME","BASIC_DESIGN","MG-086 == 'VECTOR_SHIFT'","True","Memoria de protecciones","Numero + deg","MG-C-023","MG-DRW-012","True","ELECTRICAL_ENGINEER","IEEE_1547_4|IEEE_1547_2018|IEC_62116|DNV_RP_0585"
"MG-090","protection","Capacidad interruptiva AC (kA)","Capacidad interruptiva de los breakers AC en kA.","float","kA","[5,80]","5.0","80.0","1","PROHIBITED_TO_ASSUME","BASIC_DESIGN","","True","Datasheet de breakers / memoria","Numero + kA","MG-C-021|MG-C-035","MG-DRW-003|MG-DRW-012","True","ELECTRICAL_ENGINEER","IEEE_C2_2023|NFPA_70_2023|IEEE_1547_2018|IEEE_835|DNV_RP_0585"
"MG-091","sync","Auto-sincronizador","Indica si se ha implementado auto-sincronizador.","enum","-","YES|NO","","0","0","PROJECT_MANDATORY","BASIC_DESIGN","","True","Memoria de sincronizacion","YES/NO","MG-C-025","MG-DRW-004|MG-DRW-010|MG-DRW-012","True","ELECTRICAL_ENGINEER","IEEE_1547_2018|IEEE_C2_2023|DNV_RP_0585"
"MG-092","sync","Sincronizador manual","Indica si existe sincronizador manual de respaldo.","enum","-","YES|NO","","0","0","TECHNOLOGY_MANDATORY","BASIC_DESIGN","","True","Memoria de sincronizacion","YES/NO","MG-C-025","MG-DRW-004|MG-DRW-010|MG-DRW-012","True","ELECTRICAL_ENGINEER","IEEE_1547_2018|IEEE_1547_4|IEEE_C2_2023|NFPA_70_2023|IEC_60364_4_41|IEC_60364_5_54|UL_1741|DNV_RP_0585"
"MG-093","sync","Rele sync check (25)","Indica si existe rele sync check (funcion 25 IEEE).","enum","-","YES|NO","","0","0","PROJECT_MANDATORY","BASIC_DESIGN","","True","Memoria de sincronizacion","YES/NO","MG-C-025","MG-DRW-004|MG-DRW-010|MG-DRW-012","True","ELECTRICAL_ENGINEER","IEEE_1547_2018|IEEE_1547_4|IEEE_C2_2023|NFPA_70_2023|IEC_60364_4_41|IEC_60364_5_54|UL_1741|DNV_RP_0585"
"MG-094","comms","Pila de protocolos SCADA","Pila de protocolos SCADA admitidos (IEC 61850 / Modbus TCP / DNP3 / IEC 60870-5-104 / OPC UA).","string","-","csv list","","0","0","TECHNOLOGY_MANDATORY","PRELIMINARY","","True","Datasheet SCADA / EMS","Lista csv","MG-C-010|MG-C-011","MG-DRW-011","True","EMS_ENGINEER","IEEE_2030_2|IEEE_1547_2018|IEC_61400_25|IEC_61508_1|IEC_62368_1|DNV_RP_0585"
"MG-095","comms","Gateway SCADA principal","Indica si existe gateway SCADA principal (RTU / IEC 61850 server).","enum","-","YES|NO","","0","0","TECHNOLOGY_MANDATORY","PRELIMINARY","","True","Datasheet SCADA","YES/NO","MG-C-010|MG-C-011","MG-DRW-011","True","EMS_ENGINEER","IEEE_2030_2|IEEE_1547_2018|IEC_61400_25|IEC_61508_1|IEC_62368_1|DNV_RP_0585"
"MG-096","comms","Tasa de muestreo SCADA minima (Hz)","Tasa de muestreo SCADA minima en Hz (>=1 Hz para SCADA).","float","Hz","[0.1,100]","0.1","100.0","2","TECHNOLOGY_MANDATORY","PRELIMINARY","","True","Datasheet SCADA / EMS","Numero + Hz","MG-C-010|MG-C-011","MG-DRW-011","True","EMS_ENGINEER","IEEE_2030_2|IEEE_1547_2018|IEC_61400_25|IEC_61508_1|IEC_62368_1|DNV_RP_0585"
"MG-097","comms","Redundancia del canal SCADA","Indica si el canal SCADA es redundante (dual ring, dual path).","enum","-","YES|NO","","0","0","TECHNOLOGY_MANDATORY","PRELIMINARY","","True","Datasheet SCADA","YES/NO","MG-C-010|MG-C-011","MG-DRW-011","True","EMS_ENGINEER","IEEE_2030_2|IEEE_1547_2018|IEC_61400_25|IEC_61508_1|IEC_62368_1|DNV_RP_0585"
"MG-098","comms","Medio fisico de comunicaciones","Medio fisico principal: fiber, radio, cellular, copper.","enum","-","FIBER|RADIO|CELLULAR|COPPER|MIXED","","0","0","PROJECT_MANDATORY","PRELIMINARY","","True","Memoria de comunicaciones","Texto del medio","MG-C-010|MG-C-011","MG-DRW-011","True","EMS_ENGINEER","IEEE_2030_2|IEEE_1547_2018|IEC_61400_25|IEC_61508_1|IEC_62368_1|DNV_RP_0585"
"MG-099","comms","Cantidad de zonas de cyber","Numero de zonas de cyber segun defensa en profundidad (1-4).","integer","-","[1,4]","1","4","0","PROHIBITED_TO_ASSUME","BASIC_DESIGN","","True","Memoria de cyberseguridad","Entero 1-4","MG-C-010|MG-C-011","MG-DRW-011|MG-DRW-014","True","IT_SECURITY_ENGINEER","IEC_62368_1|IEC_61508_1|IEEE_1547_2018|IEEE_2030_2|DNV_RP_0585"
"MG-100","comms","Autenticacion fuerte (MFA) en SCADA","Indica si SCADA requiere MFA y control de acceso basado en roles.","enum","-","YES|NO","","0","0","PROHIBITED_TO_ASSUME","BASIC_DESIGN","","True","Memoria de cyberseguridad","YES/NO","MG-C-010|MG-C-011","MG-DRW-011|MG-DRW-014","True","IT_SECURITY_ENGINEER","IEC_62368_1|IEC_61508_1|IEEE_1547_2018|IEEE_2030_2|DNV_RP_0585"
"MG-101","subsystem","Potencia PV subsystem (kWp)","Potencia pico del subsystem PV en kWp.","float","kWp","[1,50000]","1.0","50000.0","1","PROJECT_MANDATORY","FEASIBILITY","MG-018 INCLUDES 'PV'","True","Memoria electrica / datasheet","Numero + kWp","MG-C-004|MG-C-007|MG-C-010","MG-DRW-003|MG-DRW-005","True","PROCESS_ENGINEER","IEC_61215_1|IEC_61730_1|IEC_61730_2|IEC_62548|IEC_62109_1|IEC_62109_2|IEC_62894|IEC_62446_1|IEC_61853_1|IEC_61853_2|IEC_61853_4|IEC_62116|IEC_60364_7_712|UL_1741|IEEE_1547_2018|DNV_RP_0585"
"MG-102","subsystem","Potencia BESS subsystem (kW)","Potencia del subsystem BESS en kW.","float","kW","[1,50000]","1.0","50000.0","1","PROJECT_MANDATORY","FEASIBILITY","","True","Memoria electrica","Numero + kW","MG-C-008|MG-C-009|MG-C-010","MG-DRW-003|MG-DRW-006","True","PROCESS_ENGINEER","IEC_62933_1|IEC_62933_2_1|IEC_62933_5_1|IEC_62933_5_2|IEC_62619|IEC_62897|UL_9540|UL_9540A|UL_1973|NFPA_855_2023|DNV_RP_0585"
"MG-103","subsystem","Capacidad BESS subsystem (kWh)","Capacidad energetica del subsystem BESS en kWh.","float","kWh","[1,500000]","1.0","500000.0","1","PROJECT_MANDATORY","FEASIBILITY","","True","Memoria electrica","Numero + kWh","MG-C-008|MG-C-009|MG-C-010","MG-DRW-003|MG-DRW-006","True","PROCESS_ENGINEER","IEC_62933_1|IEC_62933_2_1|IEC_62933_5_1|IEC_62933_5_2|IEC_62619|IEC_62897|UL_9540|UL_9540A|UL_1973|NFPA_855_2023|DNV_RP_0585"
"MG-104","subsystem","Potencia Wind subsystem (kW)","Potencia del subsystem eolico en kW.","float","kW","[1,50000]","1.0","50000.0","1","PROJECT_MANDATORY","FEASIBILITY","MG-018 INCLUDES 'WIND'","True","Memoria electrica","Numero + kW","MG-C-004|MG-C-007|MG-C-010","MG-DRW-003|MG-DRW-007","True","PROCESS_ENGINEER","IEC_61400_1|IEC_61400_2|IEC_61400_3_1|IEC_61400_4|IEC_61400_5|IEC_61400_6|IEC_61400_11|IEC_61400_12_1|IEC_61400_21_1|IEC_61400_24|IEC_61400_25|IEC_61400_27_1|DNV_RP_0585|DNV_RP_C205"
"MG-105","subsystem","Potencia Hydro subsystem (kW)","Potencia del subsystem hidro en kW.","float","kW","[1,50000]","1.0","50000.0","1","PROJECT_MANDATORY","FEASIBILITY","MG-018 INCLUDES 'HYDRO'","True","Memoria electrica","Numero + kW","MG-C-004|MG-C-007|MG-C-010","MG-DRW-003|MG-DRW-008","True","PROCESS_ENGINEER","IEC_60193|IEC_60308|IEC_60545|IEC_61366|IEC_60041|IEC_62256|ICOLD_Bull_120|ISO_14685|DNV_RP_0585"
"MG-106","subsystem","Potencia Biomass/Biogas subsystem (kW)","Potencia del subsystem de biomasa/biogas en kW.","float","kW","[1,50000]","1.0","50000.0","1","PROJECT_MANDATORY","FEASIBILITY","MG-018 IN ('BIOMASS','BIOGAS')","True","Memoria electrica","Numero + kW","MG-C-004|MG-C-007|MG-C-010","MG-DRW-003|MG-DRW-009","True","PROCESS_ENGINEER","ISO_22790|IEC_60079_0|IEC_60079_10_1|IEC_60079_29_1|ASME_B31_3_2022|ASME_BPVC_VIII_1_2023|API_610_2024|API_520_1|API_521|NFPA_30_2024|MINEM_DS_032_2003|DNV_RP_0585|IAPWS_IF97|NIST_WEBBOOK"
"MG-107","subsystem","Potencia Geothermal subsystem (kW)","Potencia del subsystem geotermico en kW.","float","kW","[1,50000]","1.0","50000.0","1","PROJECT_MANDATORY","FEASIBILITY","MG-018 INCLUDES 'GEOTHERMAL'","True","Memoria electrica","Numero + kW","MG-C-004|MG-C-007|MG-C-010","MG-DRW-003|MG-DRW-009","True","PROCESS_ENGINEER","IGA_BestPractices|ASME_B31_1_2022|ASME_B31_3_2022|ASME_BPVC_VIII_1_2023|API_610_2024|IAPWS_IF97|NIST_WEBBOOK|DNV_RP_0585"
"MG-108","subsystem","Diesel genset backup (kW)","Potencia del genset diesel de respaldo en kW.","float","kW","[0,10000]","0.0","10000.0","1","TECHNOLOGY_OPTIONAL","BASIC_DESIGN","","False","Memoria / datasheet genset","Numero + kW","MG-C-004|MG-C-010|MG-C-015","MG-DRW-003|MG-DRW-010","False","PROCESS_ENGINEER","NFPA_70_2023|NFPA_30_2024|ISO_15649|ASME_B31_1_2022|MINEM_DS_043_2006|DNV_RP_0585"
"MG-109","pcc","Punto de comun acoplamiento (PCC) definido","Indica si el PCC esta definido y diagramado.","enum","-","YES|NO","","0","0","PROJECT_MANDATORY","FEASIBILITY","","True","Memoria electrica","YES/NO","MG-C-034|MG-C-035|MG-C-025","MG-DRW-003|MG-DRW-004","True","ELECTRICAL_ENGINEER","IEEE_1547_2018|IEEE_1547_1|IEEE_1547_4|IEEE_C2_2023|NFPA_70_2023|COES_NCO_2019|COES_Proyectos_Conexion|OSINERGMIN_PR_17|CNE_2011|DNV_RP_0585"
"MG-110","pcc","Tension PCC (kV)","Tension nominal en el PCC en kV.","float","kV","[0.208,69]","0.208","69.0","3","PROJECT_MANDATORY","FEASIBILITY","","True","Memoria electrica","Numero + kV","MG-C-034|MG-C-035|MG-C-041","MG-DRW-003|MG-DRW-004","True","ELECTRICAL_ENGINEER","IEEE_1547_2018|IEEE_1547_1|IEEE_1547_4|IEEE_C2_2023|NFPA_70_2023|COES_NCO_2019|COES_Proyectos_Conexion|OSINERGMIN_PR_17|CNE_2011|DNV_RP_0585"
"MG-111","pcc","Breaker PCC (rating A)","Corriente nominal del breaker PCC en A.","float","A","[100,6300]","100.0","6300.0","0","PROHIBITED_TO_ASSUME","BASIC_DESIGN","","True","Memoria electrica","Numero + A","MG-C-035|MG-C-041|MG-C-025","MG-DRW-003|MG-DRW-004|MG-DRW-012","True","ELECTRICAL_ENGINEER","IEEE_1547_2018|IEEE_1547_1|IEEE_1547_4|IEEE_C2_2023|NFPA_70_2023|COES_NCO_2019|COES_Proyectos_Conexion|OSINERGMIN_PR_17|CNE_2011|DNV_RP_0585"
"MG-112","pcc","Cumplimiento IEEE 1547-2018","Indica cumplimiento de IEEE 1547-2018 en el PCC.","enum","-","YES|NO","","0","0","PROJECT_MANDATORY","BASIC_DESIGN","","True","Memoria electrica","YES/NO","MG-C-025|MG-C-022|MG-C-034","MG-DRW-003|MG-DRW-004|MG-DRW-012","True","ELECTRICAL_ENGINEER","IEEE_1547_2018|IEEE_1547_1|IEEE_1547_4|IEEE_C2_2023|NFPA_70_2023|COES_NCO_2019|COES_Proyectos_Conexion|OSINERGMIN_PR_17|CNE_2011|DNV_RP_0585"
"MG-113","grid","Tension de red (kV)","Tension nominal de la red principal en el punto de entrega en kV.","float","kV","[0.208,500]","0.208","500.0","3","PROJECT_MANDATORY","FEASIBILITY","","True","Memoria electrica","Numero + kV","MG-C-034|MG-C-035|MG-C-041","MG-DRW-003|MG-DRW-004","True","ELECTRICAL_ENGINEER","IEEE_1547_2018|IEEE_1547_1|IEEE_1547_4|IEEE_C2_2023|NFPA_70_2023|COES_NCO_2019|COES_Proyectos_Conexion|OSINERGMIN_PR_17|CNE_2011|DNV_RP_0585"
"MG-114","grid","Frecuencia de red (Hz)","Frecuencia nominal de la red principal en Hz.","float","Hz","[50,60]","50.0","60.0","1","PROJECT_MANDATORY","FEASIBILITY","","True","Memoria electrica","50 / 60 Hz","MG-C-015|MG-C-017|MG-C-019","MG-DRW-003|MG-DRW-004","True","ELECTRICAL_ENGINEER","IEEE_1547_2018|IEEE_1547_1|IEEE_1547_4|IEEE_C2_2023|NFPA_70_2023|COES_NCO_2019|COES_Proyectos_Conexion|OSINERGMIN_PR_17|CNE_2011|DNV_RP_0585"
"MG-115","grid","SCADA del operador de red","Indica si existe SCADA del operador de red (COES / OSINERGMIN).","enum","-","YES|NO","","0","0","PROJECT_MANDATORY","FEASIBILITY","","True","Contrato de conexion","YES/NO","MG-C-010|MG-C-011","MG-DRW-011","True","PROJECT_MANAGER","COES_NCO_2019|COES_Proyectos_Conexion|OSINERGMIN_PR_17|DNV_RP_0585"
"MG-116","dr","Programas de demanda response","Lista de programas DR suscritos.","string","-","csv list","","0","0","TECHNOLOGY_OPTIONAL","BASIC_DESIGN","","False","Contrato DR","Lista csv","MG-C-010|MG-C-013","MG-DRW-015|MG-DRW-016","False","EMS_ENGINEER","IEEE_2030_2|IEEE_1547_2018|NFPA_70_2023|COES_NCO_2019|DNV_RP_0585"
"MG-117","dr","Controladores de demanda response","Cantidad de controladores DR instalados.","integer","-","[0,500]","0","500","0","TECHNOLOGY_OPTIONAL","BASIC_DESIGN","","False","Memoria DR","Entero positivo","MG-C-010|MG-C-013","MG-DRW-015|MG-DRW-016","False","EMS_ENGINEER","IEEE_2030_2|IEEE_1547_2018|NFPA_70_2023|COES_NCO_2019|DNV_RP_0585"
"MG-118","ev","Cargadores de vehiculos electricos","Cantidad de cargadores EV instalados.","integer","-","[0,500]","0","500","0","TECHNOLOGY_OPTIONAL","BASIC_DESIGN","","False","Memoria EV","Entero positivo","MG-C-042|MG-C-010","MG-DRW-003|MG-DRW-016","False","ELECTRICAL_ENGINEER","IEC_61851_1|NFPA_70_2023|IEEE_2030_2|DNV_RP_0585"
"MG-119","grid_services","Servicio PFR habilitado","Indica si la microrred habilita respuesta primaria de frecuencia (PFR).","enum","-","YES|NO","","0","0","PROJECT_MANDATORY","FEASIBILITY","","True","Contrato de servicios / COES NCO","YES/NO","MG-C-014|MG-C-015|MG-C-010","MG-DRW-010|MG-DRW-015|MG-DRW-016","True","EMS_ENGINEER","IEEE_1547_2018|IEEE_1547_4|IEEE_2030_2|COES_NCO_2019|COES_Proyectos_Conexion|OSINERGMIN_PR_17|DNV_RP_0585"
"MG-120","grid_services","Servicio FFR habilitado","Indica si la microrred habilita respuesta rapida de frecuencia (FFR).","enum","-","YES|NO","","0","0","PROJECT_MANDATORY","FEASIBILITY","","True","Contrato de servicios","YES/NO","MG-C-015|MG-C-010","MG-DRW-010|MG-DRW-015|MG-DRW-016","True","EMS_ENGINEER","IEEE_1547_2018|IEEE_1547_4|IEEE_2030_2|COES_NCO_2019|COES_Proyectos_Conexion|OSINERGMIN_PR_17|DNV_RP_0585"
"MG-121","grid_services","Capacidad firming habilitado","Indica si la microrred realiza firming de generacion renovable.","enum","-","YES|NO","","0","0","PROJECT_MANDATORY","FEASIBILITY","","True","Contrato / memoria EMS","YES/NO","MG-C-012|MG-C-010","MG-DRW-010|MG-DRW-015|MG-DRW-016","True","EMS_ENGINEER","IEEE_1547_2018|IEEE_1547_4|IEEE_2030_2|COES_NCO_2019|COES_Proyectos_Conexion|OSINERGMIN_PR_17|DNV_RP_0585"
"MG-122","grid_services","Peak shaving habilitado","Indica si la microrred habilita peak shaving de demanda.","enum","-","YES|NO","","0","0","PROJECT_MANDATORY","FEASIBILITY","","True","Contrato / memoria","YES/NO","MG-C-013|MG-C-010","MG-DRW-010|MG-DRW-015|MG-DRW-016","True","EMS_ENGINEER","IEEE_1547_2018|IEEE_1547_4|IEEE_2030_2|COES_NCO_2019|COES_Proyectos_Conexion|OSINERGMIN_PR_17|DNV_RP_0585"
"MG-123","grid_services","Capacidad (capacity) service","Indica si la microrred proporciona servicio de capacidad.","enum","-","YES|NO","","0","0","PROJECT_MANDATORY","FEASIBILITY","","True","Contrato / memoria","YES/NO","MG-C-007|MG-C-010","MG-DRW-010|MG-DRW-015|MG-DRW-016","True","EMS_ENGINEER","IEEE_1547_2018|IEEE_1547_4|IEEE_2030_2|COES_NCO_2019|COES_Proyectos_Conexion|OSINERGMIN_PR_17|DNV_RP_0585"
"MG-124","grid_services","Ramping service","Indica si la microrred proporciona servicio de ramping.","enum","-","YES|NO","","0","0","PROJECT_MANDATORY","FEASIBILITY","","True","Contrato / memoria","YES/NO","MG-C-010|MG-C-013","MG-DRW-010|MG-DRW-015|MG-DRW-016","True","EMS_ENGINEER","IEEE_1547_2018|IEEE_1547_4|IEEE_2030_2|COES_NCO_2019|COES_Proyectos_Conexion|OSINERGMIN_PR_17|DNV_RP_0585"
"MG-125","grid_services","Soporte de tension","Indica si la microrred proporciona soporte de tension.","enum","-","YES|NO","","0","0","PROJECT_MANDATORY","FEASIBILITY","","True","Contrato / memoria","YES/NO","MG-C-033|MG-C-034|MG-C-010","MG-DRW-010|MG-DRW-015|MG-DRW-016","True","EMS_ENGINEER","IEEE_1547_2018|IEEE_1547_4|IEEE_2030_2|COES_NCO_2019|COES_Proyectos_Conexion|OSINERGMIN_PR_17|DNV_RP_0585"
"MG-126","metering","Medidores de ingreso (revenue)","Cantidad de medidores de ingreso (revenue meters) IEEE 1547.","integer","-","[1,10]","1","10","0","PROJECT_MANDATORY","PRELIMINARY","","True","Memoria de medicion","Entero positivo","MG-C-034|MG-C-007","MG-DRW-003|MG-DRW-011","True","ELECTRICAL_ENGINEER","IEEE_1547_2018|COES_NCO_2019|OSINERGMIN_PR_17|DNV_RP_0585"
"MG-127","metering","Submedicion instalada","Cantidad de puntos de submedicion.","integer","-","[0,500]","0","500","0","TECHNOLOGY_MANDATORY","BASIC_DESIGN","","True","Memoria de medicion","Entero positivo","MG-C-010|MG-C-007","MG-DRW-011|MG-DRW-015","True","ELECTRICAL_ENGINEER","IEEE_2030_2|IEEE_1547_2018|IEC_61400_25|IEC_61508_1|IEC_62368_1|DNV_RP_0585"
"MG-128","metering","Cumplimiento clase 0.2S","Indica si los medidores cumplen clase 0.2S (IEEE 1547 / COES NCO).","enum","-","YES|NO","","0","0","PROJECT_MANDATORY","BASIC_DESIGN","","True","Datasheet medidor","YES/NO","MG-C-034|MG-C-007","MG-DRW-011","True","ELECTRICAL_ENGINEER","IEEE_1547_2018|COES_NCO_2019|OSINERGMIN_PR_17|DNV_RP_0585"
"MG-129","storage","Tipo de almacenamiento","Tipo de almacenamiento: BESS, flywheel, supercapacitor, pumped hydro.","string","-","BESS|FLYWHEEL|SUPERCAP|PUMPED_HYDRO","","0","0","TECHNOLOGY_MANDATORY","PRELIMINARY","","True","Memoria de almacenamiento","Texto del tipo","MG-C-008|MG-C-009|MG-C-010","MG-DRW-003|MG-DRW-006","True","PROCESS_ENGINEER","IEC_62933_2_1|IEC_62933_5_1|UL_9540|NFPA_855_2023|DNV_RP_0585"
"MG-130","storage","Capacidad flywheel (kWh)","Capacidad energetica del flywheel en kWh.","float","kWh","[0,500]","0.0","500.0","2","TECHNOLOGY_OPTIONAL","BASIC_DESIGN","MG-129 INCLUDES 'FLYWHEEL'","False","Datasheet flywheel","Numero + kWh","MG-C-008|MG-C-015","MG-DRW-003|MG-DRW-006","False","PROCESS_ENGINEER","IEC_62933_2_1|IEC_62933_5_1|UL_9540|NFPA_855_2023|DNV_RP_0585"
"MG-131","storage","Capacidad supercapacitor (F)","Capacidad del supercapacitor en F.","float","F","[0,10000]","0.0","10000.0","1","TECHNOLOGY_OPTIONAL","BASIC_DESIGN","MG-129 INCLUDES 'SUPERCAP'","False","Datasheet supercap","Numero + F","MG-C-008|MG-C-015","MG-DRW-003|MG-DRW-006","False","PROCESS_ENGINEER","IEC_62933_2_1|IEC_62933_5_1|UL_9540|NFPA_855_2023|DNV_RP_0585"
"MG-132","storage","Capacidad pumped hydro (MWh)","Capacidad energetica del pumped hydro en MWh.","float","MWh","[0,1000]","0.0","1000.0","2","TECHNOLOGY_OPTIONAL","BASIC_DESIGN","MG-129 INCLUDES 'PUMPED_HYDRO'","False","Memoria PHES","Numero + MWh","MG-C-008|MG-C-009","MG-DRW-003|MG-DRW-008","False","PROCESS_ENGINEER","ICOLD_Bull_120|IEC_60041|DNV_RP_0585"
"MG-133","mix","RenewableShare objetivo (%)","Participacion renovable objetivo en %.","float","%","[0,100]","0.0","100.0","1","PROJECT_MANDATORY","FEASIBILITY","","True","Memoria / contrato","Numero + %","MG-C-007|MG-C-010","MG-DRW-003|MG-DRW-015","True","PROJECT_MANAGER","MINEM_DS_013_2019|COES_NCO_2019|DNV_RP_0585"
"MG-134","mix","StorageShare objetivo (%)","Participacion de almacenamiento objetivo en %.","float","%","[0,100]","0.0","100.0","1","PROJECT_MANDATORY","FEASIBILITY","","True","Memoria / contrato","Numero + %","MG-C-007|MG-C-008|MG-C-010","MG-DRW-003|MG-DRW-015","True","PROJECT_MANAGER","IEEE_1547_2018|IEEE_1547_1|IEEE_1547_4|IEEE_519_2022|IEEE_80_2013|IEEE_142|IEEE_2030_2|IEEE_C2_2023|IEEE_835|NFPA_70_2023|NFPA_855_2023|NFPA_780_2023|NFPA_13_2022|NFPA_15_2022|NFPA_20_2022|NFPA_30_2024|DNV_RP_0585"
"MG-135","mix","ConventionalShare max (%)","Participacion convencional maxima (diesel/grid) en %.","float","%","[0,100]","0.0","100.0","1","PROJECT_MANDATORY","FEASIBILITY","","True","Memoria / contrato","Numero + %","MG-C-007|MG-C-010","MG-DRW-003|MG-DRW-015","True","PROJECT_MANAGER","IEEE_1547_2018|IEEE_1547_1|IEEE_1547_4|IEEE_519_2022|IEEE_80_2013|IEEE_142|IEEE_2030_2|IEEE_C2_2023|IEEE_835|NFPA_70_2023|NFPA_855_2023|NFPA_780_2023|NFPA_13_2022|NFPA_15_2022|NFPA_20_2022|NFPA_30_2024|DNV_RP_0585"
"MG-136","cyber","Deteccion de intrusos (IDS) en SCADA","Indica si SCADA cuenta con deteccion de intrusos IDS.","enum","-","YES|NO","","0","0","PROHIBITED_TO_ASSUME","BASIC_DESIGN","","True","Memoria de cyberseguridad","YES/NO","MG-C-010|MG-C-011","MG-DRW-011|MG-DRW-014","True","IT_SECURITY_ENGINEER","IEC_62368_1|IEC_61508_1|IEEE_1547_2018|IEEE_2030_2|DNV_RP_0585"
"MG-137","cyber","Segmentacion de red (firewall)","Indica si se ha implementado segmentacion con firewall industrial.","enum","-","YES|NO","","0","0","PROHIBITED_TO_ASSUME","BASIC_DESIGN","","True","Memoria de cyberseguridad","YES/NO","MG-C-010|MG-C-011","MG-DRW-011|MG-DRW-014","True","IT_SECURITY_ENGINEER","IEC_62368_1|IEC_61508_1|IEEE_1547_2018|IEEE_2030_2|DNV_RP_0585"
"MG-138","cyber","Hardening de dispositivos","Indica si se ha realizado hardening de dispositivos ICS.","enum","-","YES|NO","","0","0","PROHIBITED_TO_ASSUME","BASIC_DESIGN","","True","Memoria de cyberseguridad","YES/NO","MG-C-010|MG-C-011","MG-DRW-011|MG-DRW-014","True","IT_SECURITY_ENGINEER","IEC_62368_1|IEC_61508_1|IEEE_1547_2018|IEEE_2030_2|DNV_RP_0585"
"MG-139","control_room","Arquitectura de sala de control","Arquitectura de la sala de control: centralized, distributed, virtualized.","enum","-","CENTRALIZED|DISTRIBUTED|VIRTUALIZED","","0","0","PROJECT_MANDATORY","PRELIMINARY","","True","Memoria SCADA","Texto de la arquitectura","MG-C-010|MG-C-011","MG-DRW-011|MG-DRW-015","True","EMS_ENGINEER","IEEE_2030_2|IEEE_1547_2018|IEC_61400_25|IEC_61508_1|IEC_62368_1|DNV_RP_0585"
"MG-140","pq","THD de tension objetivo (%)","THD de tension objetivo en el PCC en % (IEEE 519).","float","%","[0,8]","0.0","8.0","2","PROJECT_MANDATORY","BASIC_DESIGN","","True","Memoria de calidad de potencia","Numero + %","MG-C-031|MG-C-032","MG-DRW-003|MG-DRW-012","True","ELECTRICAL_ENGINEER","IEEE_519_2022|IEEE_1547_2018|UL_1741|DNV_RP_0585"
"MG-141","pq","Sags/swells IEEE 1547","Indica cumplimiento IEEE 1547 ride-through sags/swells.","enum","-","YES|NO","","0","0","PROJECT_MANDATORY","BASIC_DESIGN","","True","Memoria electrica","YES/NO","MG-C-033|MG-C-034","MG-DRW-003|MG-DRW-012","True","ELECTRICAL_ENGINEER","IEEE_1547_2018|IEEE_519_2022|UL_1741|DNV_RP_0585"
"MG-142","pq","Flicker (Pst)","Indice de flicker de corto plazo (Pst) en el PCC.","float","-","[0,10]","0.0","10.0","3","TECHNOLOGY_MANDATORY","BASIC_DESIGN","","True","Memoria de calidad de potencia","Decimal Pst","MG-C-031|MG-C-032","MG-DRW-003|MG-DRW-012","True","ELECTRICAL_ENGINEER","IEEE_519_2022|IEEE_1547_2018|UL_1741|DNV_RP_0585"
"MG-143","pq","Desbalance de tension (%)","Desbalance maximo de tension en % (NEMA MG1 / IEEE 1547).","float","%","[0,5]","0.0","5.0","2","PROJECT_MANDATORY","BASIC_DESIGN","","True","Memoria de calidad de potencia","Numero + %","MG-C-031|MG-C-032","MG-DRW-003|MG-DRW-012","True","ELECTRICAL_ENGINEER","IEEE_519_2022|IEEE_1547_2018|UL_1741|DNV_RP_0585"
"MG-144","grounding","Resistencia de malla de tierra (ohm)","Resistencia de la malla de tierra en ohm (<=1 ohm IEEE 80).","float","ohm","[0.1,25]","0.1","25.0","2","PROHIBITED_TO_ASSUME","BASIC_DESIGN","","True","Estudio de malla de tierra / IEEE 80","Numero + ohm","MG-C-036|MG-C-037","MG-DRW-013","True","ELECTRICAL_ENGINEER","IEEE_80_2013|IEEE_142|IEC_60364_5_54|IEC_60364_4_41|NFPA_70_2023|DNV_RP_0585"
"MG-145","grounding","Conductor de tierra principal (mm2)","Seccion del conductor de tierra principal en mm2.","float","mm2","[16,500]","16.0","500.0","0","PROHIBITED_TO_ASSUME","BASIC_DESIGN","","True","Memoria electrica / IEC 60364-5-54","Numero + mm2","MG-C-036|MG-C-037","MG-DRW-013","True","ELECTRICAL_ENGINEER","IEEE_80_2013|IEEE_142|IEC_60364_5_54|IEC_60364_4_41|NFPA_70_2023|DNV_RP_0585"
"MG-146","grounding","Electrodos (jab) cantidad","Numero de electrodos (jab) de la malla de tierra.","integer","-","[1,200]","1","200","0","TECHNOLOGY_OPTIONAL","BASIC_DESIGN","","False","Memoria electrica","Entero positivo","MG-C-036","MG-DRW-013","False","ELECTRICAL_ENGINEER","IEEE_80_2013|IEEE_142|IEC_60364_5_54|IEC_60364_4_41|NFPA_70_2023|DNV_RP_0585"
"MG-147","lightning","Nivel de proteccion LPL (IEC 62305)","Nivel de proteccion contra rayo (LPL) segun IEC 62305.","enum","-","I|II|III|IV","","0","0","PROJECT_MANDATORY","PRELIMINARY","","True","Memoria de proteccion contra rayo","Texto I/II/III/IV","MG-C-038|MG-C-036","MG-DRW-013","True","ELECTRICAL_ENGINEER","IEC_62305_1|IEC_62305_3|NFPA_780_2023"
"MG-148","lightning","Cantidad de pararrayos","Numero de pararrayos del sitio microrred.","integer","-","[1,50]","1","50","0","TECHNOLOGY_MANDATORY","PRELIMINARY","","True","Memoria de proteccion contra rayo","Entero positivo","MG-C-038|MG-C-036","MG-DRW-013|MG-DRW-001","True","ELECTRICAL_ENGINEER","IEC_62305_1|IEC_62305_3|NFPA_780_2023"
