source_id,authority,document_code,title,edition_year,revision,official_url,access_date,primary_or_secondary,accessible_full_text,covered_topics,jurisdictions,notes
IEC_60904_1,IEC,IEC 60904-1,Photovoltaic devices - Part 1: Measurement of photovoltaic current-voltage characteristics,2020,3.0,https://webstore.iec.ch/publication/60353,2026-09-17,primary,false,IV curve measurement;PV calibration,global,Propietario; acceso por biblioteca
IEC_60904_3,IEC,IEC 60904-3,Photovoltaic devices - Part 3: Measurement principles for terrestrial photovoltaic (PV) solar devices with reference spectral irradiance data,2019,4.0,https://webstore.iec.ch/publication/60357,2026-09-17,primary,false,Reference spectral irradiance;STC AM1.5G,global,Propietario
IEC_61215_1,IEC,IEC 61215-1,Terrestrial photovoltaic (PV) modules - Design qualification and type approval - Part 1: Test requirements,2021,2.0,https://webstore.iec.ch/publication/61345,2026-09-17,primary,false,Module design qualification;PV reliability,global,Propietario
IEC_61730_1,IEC,IEC 61730-1,Photovoltaic (PV) module safety qualification - Part 1: Requirements for construction,2023,2.0,https://webstore.iec.ch/publication/63073,2026-09-17,primary,false,PV module safety construction,global,Propietario
IEC_61730_2,IEC,IEC 61730-2,Photovoltaic (PV) module safety qualification - Part 2: Requirements for testing,2023,2.0,https://webstore.iec.ch/publication/63074,2026-09-17,primary,false,PV module safety testing,global,Propietario
IEC_62548,IEC,IEC 62548,Photovoltaic (PV) arrays - Design requirements,2023,2.0,https://webstore.iec.ch/publication/62940,2026-09-17,primary,false,PV array design;string sizing;protection,global,Propietario
IEC_62109_1,IEC,IEC 62109-1,Power converters for use in photovoltaic power systems - Part 1: General requirements,2010,1.0,https://webstore.iec.ch/publication/6481,2026-09-17,primary,false,Inverter safety general,global,Propietario
IEC_62109_2,IEC,IEC 62109-2,Power converters for use in photovoltaic power systems - Part 2: Particular requirements for inverters,2011,1.0,https://webstore.iec.ch/publication/6482,2026-09-17,primary,false,Inverter safety particular,global,Propietario
IEC_62817,IEC,IEC 62817,Design qualification for solar trackers,2014,1.0,https://webstore.iec.ch/publication/25995,2026-09-17,primary,false,Solar tracker qualification,global,Propietario
IEC_62894,IEC,IEC 62894,Photovoltaic inverters - Data sheet and name plate,2014,1.0,https://webstore.iec.ch/publication/7457,2026-09-17,primary,false,Inverter datasheet,global,Propietario
IEC_61724_1,IEC,IEC 61724-1,Photovoltaic system performance - Part 1: Monitoring,2021,2.0,https://webstore.iec.ch/publication/60759,2026-09-17,primary,false,PV performance monitoring,global,Propietario
IEC_62446_1,IEC,IEC 62446-1,"Grid connected photovoltaic (PV) systems - Part 1: Documentation, commissioning tests and inspection",2023,2.0,https://webstore.iec.ch/publication/62935,2026-09-17,primary,false,PV commissioning documentation,global,Propietario
IEC_62116,IEC,IEC 62116,Test procedure of islanding prevention for photovoltaic (PV) inverters,2014,1.1,https://webstore.iec.ch/publication/60281,2026-09-17,primary,false,Anti-islanding test,global,Propietario
IEC_60529,IEC,IEC 60529,Degrees of protection provided by enclosures (IP Code),2013,2.2,https://webstore.iec.ch/publication/2452,2026-09-17,primary,false,Ingress protection,global,Propietario
IEC_61643_11,IEC,IEC 61643-11,Low-voltage surge protective devices - Part 11: Surge protective devices connected to low-voltage power systems - Requirements and test methods,2024,1.2,https://webstore.iec.ch/publication/66092,2026-09-17,primary,false,SPD LV requirements,global,Propietario
IEC_60287_1_1,IEC,IEC 60287-1-1,Electric cables - Calculation of the current rating - Part 1-1: Current rating equations (100% load factor) and calculation of losses - General,2023,2.0,https://webstore.iec.ch/publication/62960,2026-09-17,primary,false,Cable ampacity general,global,Propietario
IEC_60364_7_712,IEC,IEC 60364-7-712,Low-voltage electrical installations - Part 7-712: Requirements for special installations or locations - Solar photovoltaic (PV) power supply systems,2017,2.0,https://webstore.iec.ch/publication/25820,2026-09-17,primary,false,PV low-voltage installation,global,Propietario
IEC_TS_62804_1,IEC,IEC TS 62804-1,Photovoltaic (PV) systems - Test procedures for earth fault detection - Part 1: Procedures for earth fault detection on the DC side,2015,1.0,https://webstore.iec.ch/publication/25959,2026-09-17,primary,false,DC earth fault detection,global,Propietario
IEC_TS_63049,IEC,IEC TS 63049,Terrestrial photovoltaic (PV) systems - Guidelines for increased confidence in PV system installation,2017,1.0,https://webstore.iec.ch/publication/26826,2026-09-17,primary,false,PV installation confidence,global,Propietario
IEC_60904_7,IEC,IEC 60904-7,Photovoltaic devices - Part 7: Computation of the spectral mismatch correction for measurements of photovoltaic devices,2019,4.0,https://webstore.iec.ch/publication/60361,2026-09-17,primary,false,Spectral mismatch correction,global,Propietario
IEC_61853_1,IEC,IEC 61853-1,Photovoltaic (PV) module performance testing and energy rating - Part 1: Irradiance and temperature performance measurements and power rating,2011,1.0,https://webstore.iec.ch/publication/5048,2026-09-17,primary,false,Module power rating matrix,global,Propietario
IEC_61853_2,IEC,IEC 61853-2,"Photovoltaic (PV) module performance testing and energy rating - Part 2: Spectral response, incidence angle and module operating temperature measurements",2016,1.0,https://webstore.iec.ch/publication/25580,2026-09-17,primary,false,IAM;thermal coefficients,global,Propietario
IEC_61853_4,IEC,IEC 61853-4,Photovoltaic (PV) module performance testing and energy rating - Part 4: Standard reference climatic profiles,2018,1.0,https://webstore.iec.ch/publication/26213,2026-09-17,primary,false,Reference climates,global,Propietario
IEC_62805_1,IEC,IEC 62805-1,Method for measuring photovoltaic (PV) glass transparency - Part 1: White-light transmission,2017,1.0,https://webstore.iec.ch/publication/25963,2026-09-17,primary,false,PV glass transparency,global,Propietario
IEC_TS_63209,IEC,IEC TS 63209,Photovoltaic modules - Extended-stress testing,2021,1.0,https://webstore.iec.ch/publication/68223,2026-09-17,primary,false,Extended-stress PV module,global,Propietario
IEC_62938,IEC,IEC 62938,Terrestrial photovoltaic (PV) systems - Test procedure for tracking the effects of dust and soiling on PV modules,2018,1.0,https://webstore.iec.ch/publication/26215,2026-09-17,primary,false,Soiling loss test,global,Propietario
IEC_61400_1,IEC,IEC 61400-1,Wind energy generation systems - Part 1: Design requirements,2019,4.0,https://webstore.iec.ch/publication/26423,2026-09-17,primary,false,Wind turbine design loads;classes,global,Propietario
IEC_61400_2,IEC,IEC 61400-2,Wind energy generation systems - Part 2: Design requirements for small wind turbines,2013,3.0,https://webstore.iec.ch/publication/6207,2026-09-17,primary,false,Small wind turbine design,global,Propietario
IEC_61400_3_1,IEC,IEC 61400-3-1,Wind energy generation systems - Part 3-1: Design requirements for fixed offshore wind turbines,2015,1.0,https://webstore.iec.ch/publication/29360,2026-09-17,primary,false,Offshore fixed wind design,global,Propietario
IEC_61400_3_2,IEC,IEC 61400-3-2,Wind energy generation systems - Part 3-2: Design requirements for floating offshore wind turbines,2019,1.0,https://webstore.iec.ch/publication/62935-3,2026-09-17,primary,false,Offshore floating wind design,global,Propietario
IEC_61400_4,IEC,IEC 61400-4,Wind energy generation systems - Part 4: Design requirements for wind turbine gearboxes,2012,1.0,https://webstore.iec.ch/publication/6425,2026-09-17,primary,false,Wind gearbox design,global,Propietario
IEC_61400_5,IEC,IEC 61400-5,Wind energy generation systems - Part 5: Wind turbine blades,2020,1.0,https://webstore.iec.ch/publication/26229,2026-09-17,primary,false,Wind blade requirements,global,Propietario
IEC_61400_6,IEC,IEC 61400-6,Wind energy generation systems - Part 6: Tower and foundation design requirements,2020,1.0,https://webstore.iec.ch/publication/62857,2026-09-17,primary,false,Wind tower and foundation,global,Propietario
IEC_61400_11,IEC,IEC 61400-11,Wind energy generation systems - Part 11: Acoustic noise measurement techniques,2012,3.0,https://webstore.iec.ch/publication/6254,2026-09-17,primary,false,Wind acoustic noise,global,Propietario
IEC_61400_12_1,IEC,IEC 61400-12-1,Wind energy generation systems - Part 12-1: Power performance measurements of electricity producing wind turbines,2017,2.0,https://webstore.iec.ch/publication/26603,2026-09-17,primary,false,Wind power performance,global,Propietario
IEC_61400_13,IEC,IEC 61400-13,Wind energy generation systems - Part 13: Measurement of mechanical loads,2015,1.0,https://webstore.iec.ch/publication/62833,2026-09-17,primary,false,Wind mechanical loads,global,Propietario
IEC_61400_14,IEC,IEC 61400-14,Wind energy generation systems - Part 14: Declaration of apparent sound power level and tonality values,2018,1.0,https://webstore.iec.ch/publication/26186,2026-09-17,primary,false,Wind sound declaration,global,Propietario
IEC_61400_15_1,IEC,IEC 61400-15-1,Wind energy generation systems - Part 15-1: Site suitability assessment,2025,1.0,https://webstore.iec.ch/publication/62935-15,2026-09-17,primary,false,Wind site assessment,global,Propietario
IEC_61400_21_1,IEC,IEC 61400-21-1,Wind energy generation systems - Part 21-1: Measurement and assessment of electrical characteristics - Wind turbines,2019,1.0,https://webstore.iec.ch/publication/26424,2026-09-17,primary,false,Wind grid compliance,global,Propietario
IEC_61400_23,IEC,IEC 61400-23,Wind energy generation systems - Part 23: Full-scale structural testing of rotor blades,2014,1.0,https://webstore.iec.ch/publication/25939,2026-09-17,primary,false,Blade full-scale test,global,Propietario
IEC_61400_24,IEC,IEC 61400-24,Wind energy generation systems - Part 24: Lightning protection,2019,1.0,https://webstore.iec.ch/publication/26425,2026-09-17,primary,false,Wind lightning protection,global,Propietario
IEC_61400_25,IEC,IEC 61400-25,Wind energy generation systems - Part 25: Communications for monitoring and control of wind power plants - Overall description,2017,2.0,https://webstore.iec.ch/publication/5998,2026-09-17,primary,false,Wind SCADA comms,global,Propietario
IEC_61400_27_1,IEC,IEC 61400-27-1,Wind energy generation systems - Part 27-1: Electrical simulation models - Wind turbines,2020,2.0,https://webstore.iec.ch/publication/26426,2026-09-17,primary,false,Wind electrical model,global,Propietario
IEC_60193,IEC,IEC 60193,"Hydraulic turbines, storage pumps and pump-turbines - Model acceptance tests",2019,3.0,https://webstore.iec.ch/publication/62879,2026-09-17,primary,false,Hydraulic turbine model test,global,Propietario
IEC_60308,IEC,IEC 60308,Water-turbines and reversible machines - Acceptance tests - Hydraulic performance,2005,2.0,https://webstore.iec.ch/publication/1407,2026-09-17,primary,false,Turbine hydraulic performance,global,Propietario
IEC_60545,IEC,IEC 60545,"Guide for commissioning, operation and maintenance of hydraulic turbines",1995,2.0,https://webstore.iec.ch/publication/2424,2026-09-17,primary,false,Turbine O&M,global,Propietario
IEC_61366,IEC,IEC 61366,Acceptance tests for hydroelectric equipment - Guide for field measurement of vibrations and pulsation in hydraulic machines,1998,1.0,https://webstore.iec.ch/publication/5677,2026-09-17,primary,false,Hydro vibration field measurement,global,Propietario
IEC_60041,IEC,IEC 60041,"Field acceptance tests to determine the hydraulic performance of hydraulic turbines, storage pumps and pump-turbines",1991,3.0,https://webstore.iec.ch/publication/118,2026-09-17,primary,false,Field turbine acceptance,global,Propietario
IEC_62256,IEC,IEC 62256,Hydraulic turbines and turbine control - Reliability and availability assurance,2017,1.1,https://webstore.iec.ch/publication/26256,2026-09-17,primary,false,Hydro reliability assurance,global,Propietario
IEC_62619,IEC,IEC 62619,"Secondary cells and batteries containing alkaline or other non-acid electrolytes - Safety requirements for secondary lithium cells and batteries, for use in industrial applications",2022,2.0,https://webstore.iec.ch/publication/63029,2026-09-17,primary,false,Lithium battery safety industrial,global,Propietario
IEC_62660_1,IEC,IEC 62660-1,Secondary lithium-ion cells for the propulsion of electric road vehicles - Part 1: Performance testing,2018,2.0,https://webstore.iec.ch/publication/26046,2026-09-17,primary,false,Li-ion performance testing,global,Propietario
IEC_62660_2,IEC,IEC 62660-2,Secondary lithium-ion cells for the propulsion of electric road vehicles - Part 2: Reliability and abuse testing,2018,2.0,https://webstore.iec.ch/publication/26047,2026-09-17,primary,false,Li-ion reliability abuse,global,Propietario
IEC_62660_3,IEC,IEC 62660-3,Secondary lithium-ion cells for the propulsion of electric road vehicles - Part 3: Safety requirements,2022,2.0,https://webstore.iec.ch/publication/26048,2026-09-17,primary,false,Li-ion safety EV,global,Propietario
IEC_62933_1,IEC,IEC 62933-1,Electrical energy storage (EES) systems - Part 1: Vocabulary,2024,2.0,https://webstore.iec.ch/publication/62843,2026-09-17,primary,false,EES vocabulary,global,Propietario
IEC_62933_2_1,IEC,IEC 62933-2-1,Electrical energy storage (EES) systems - Part 2-1: Unit parameters and testing methods - General system,2024,2.0,https://webstore.iec.ch/publication/62844,2026-09-17,primary,false,EES unit parameters testing,global,Propietario
IEC_62933_5_1,IEC,IEC 62933-5-1,Electrical energy storage (EES) systems - Part 5-1: Safety considerations for grid integrated EES systems - General specification,2024,1.0,https://webstore.iec.ch/publication/65431,2026-09-17,primary,false,EES grid safety,global,Propietario
IEC_62933_5_2,IEC,IEC 62933-5-2,Electrical energy storage (EES) systems - Part 5-2: Safety considerations for grid integrated EES systems - Electrical hazards protection,2024,1.0,https://webstore.iec.ch/publication/69698,2026-09-17,primary,false,EES electrical hazard protection,global,Propietario
IEC_62897,IEC,IEC 62897,Stationary battery energy storage system - Safety requirements,2024,1.1,https://webstore.iec.ch/publication/7459,2026-09-17,primary,false,Stationary BESS safety,global,Propietario
IEC_62368_1,IEC,IEC 62368-1,"Audio/video, information and communication technology equipment - Part 1: Safety requirements",2023,4.0,https://webstore.iec.ch/publication/63098,2026-09-17,primary,false,ICT equipment safety,global,Propietario
IEC_61851_1,IEC,IEC 61851-1,Electric vehicle conductive charging system - Part 1: General requirements,2017,3.0,https://webstore.iec.ch/publication/5965,2026-09-17,primary,false,EV charging general,global,Propietario
IEC_60364_4_41,IEC,IEC 60364-4-41,Low-voltage electrical installations - Part 4-41: Protection for safety - Protection against electric shock,2017,5.0,https://webstore.iec.ch/publication/25821,2026-09-17,primary,false,LV electric shock protection,global,Propietario
IEC_62282_2,IEC,IEC 62282-2,Fuel cell technologies - Part 2: Fuel cell modules,2012,1.0,https://webstore.iec.ch/publication/6342,2026-09-17,primary,false,Fuel cell modules,global,Propietario
IEC_62282_8_201,IEC,IEC 62282-8-201,Fuel cell technologies - Part 8-201: Energy systems of fuel cells for power generation - General requirements,2020,1.0,https://webstore.iec.ch/publication/63031,2026-09-17,primary,false,Fuel cell power generation,global,Propietario
IEC_60079_0,IEC,IEC 60079-0,Explosive atmospheres - Part 0: Equipment - General requirements,2024,8.0,https://webstore.iec.ch/publication/62941,2026-09-17,primary,false,Ex equipment general,global,Propietario
IEC_60079_10_1,IEC,IEC 60079-10-1,Explosive atmospheres - Part 10-1: Classification of areas - Explosive gas atmospheres,2020,2.0,https://webstore.iec.ch/publication/60396,2026-09-17,primary,false,Ex area classification gas,global,Propietario
IEC_60079_29_1,IEC,IEC 60079-29-1,Explosive atmospheres - Part 29-1: Gas detectors - Performance requirements of detectors for flammable gases,2016,1.0,https://webstore.iec.ch/publication/26000,2026-09-17,primary,false,Flammable gas detector,global,Propietario
IEC_61511_1,IEC,IEC 61511-1,"Functional safety - Safety instrumented systems for the process industry sector - Part 1: General framework, definitions, system, hardware and application programming requirements",2016,2.0,https://webstore.iec.ch/publication/25542,2026-09-17,primary,false,SIS process safety,global,Propietario
IEC_61508_1,IEC,IEC 61508-1,Functional safety of electrical/electronic/programmable electronic safety-related systems - Part 1: General requirements,2010,2.0,https://webstore.iec.ch/publication/3532,2026-09-17,primary,false,E/E/PE functional safety general,global,Propietario
IEC_62305_1,IEC,IEC 62305-1,Protection against lightning - Part 1: General principles,2024,3.0,https://webstore.iec.ch/publication/63032,2026-09-17,primary,false,Lightning protection principles,global,Propietario
IEC_62305_3,IEC,IEC 62305-3,Protection against lightning - Part 3: Physical damage to structures and life hazard,2024,3.0,https://webstore.iec.ch/publication/63034,2026-09-17,primary,false,Lightning physical damage,global,Propietario
IEC_60364_5_54,IEC,IEC 60364-5-54,Low-voltage electrical installations - Part 5-54: Earthing arrangements and protective conductors including protective bonding conductors,2024,4.0,https://webstore.iec.ch/publication/68133,2026-09-17,primary,false,LV earthing and bonding,global,Propietario
IEEE_1547_2018,IEEE,IEEE Std 1547-2018,IEEE Standard for Interconnection and Interoperability of Distributed Energy Resources with Associated Electric Power Systems Interfaces,2018,,https://standards.ieee.org/ieee/1547/5915/,2026-09-17,primary,false,DER interconnection requirements,global,Propietario
IEEE_1547_1,IEEE,IEEE Std 1547.1-2020,IEEE Standard Conformance Test Procedures for Equipment Interconnecting Distributed Energy Resources with Electric Power Systems and Associated Interfaces,2020,,https://standards.ieee.org/ieee/1547.1/10390/,2026-09-17,primary,false,DER conformance test,global,Propietario
IEEE_519_2022,IEEE,IEEE Std 519-2022,IEEE Standard for Harmonic Control in Electric Power Systems,2022,,https://standards.ieee.org/ieee/519/10318/,2026-09-17,primary,false,Harmonics control,global,Propietario
IEEE_80_2013,IEEE,IEEE Std 80-2013,IEEE Guide for Safety in AC Substation Grounding,2013,,https://standards.ieee.org/ieee/80/1038/,2026-09-17,primary,false,AC substation grounding,global,Propietario
IEEE_835,IEEE,IEEE Std 835-2019,IEEE Standard Power Cable Ampacity Tables,2019,,https://standards.ieee.org/ieee/835/6546/,2026-09-17,primary,false,Cable ampacity tables,global,Propietario
IEEE_2030_2,IEEE,IEEE Std 2030.2-2016,IEEE Guide for the Interoperability of Energy Storage Systems Integrated with the Electric Power Infrastructure,2016,,https://standards.ieee.org/ieee/2030.2/7400/,2026-09-17,primary,false,EES interoperability,global,Propietario
IEEE_1547_4,IEEE,IEEE Std 1547.4-2011,"IEEE Guide for Design, Operation, and Integration of Distributed Resource Island Systems with Electric Power Systems",2011,,https://standards.ieee.org/ieee/1547.4/5077/,2026-09-17,primary,false,DER island systems,global,Propietario
IEEE_142,IEEE,IEEE Std 142-2007,IEEE Recommended Practice for Grounding of Industrial and Commercial Power Systems (Green Book),2007,,https://standards.ieee.org/ieee/142/1387/,2026-09-17,primary,false,Industrial grounding green book,global,Propietario
IEEE_C2_2023,IEEE,IEEE NESC C2-2023,National Electrical Safety Code (NESC),2023,,https://standards.ieee.org/ieee/nesc/10287/,2026-09-17,primary,false,Electric supply & communication safety,global,Propietario
NFPA_70_2023,NFPA,NFPA 70-2023,National Electrical Code (NEC),2023,,https://www.nfpa.org/codes-and-standards/all-codes-and-standards/list-of-codes-and-standards/detail?code=70,2026-09-17,primary,false,NEC general requirements,global,Propietario
NFPA_855_2023,NFPA,NFPA 855-2023,Standard for the Installation of Stationary Energy Storage Systems,2023,,https://www.nfpa.org/codes-and-standards/all-codes-and-standards/list-of-codes-and-standards/detail?code=855,2026-09-17,primary,false,Stationary BESS installation,global,Propietario
NFPA_30_2024,NFPA,NFPA 30-2024,Flammable and Combustible Liquids Code,2024,,https://www.nfpa.org/codes-and-standards/all-codes-and-standards/list-of-codes-and-standards/detail?code=30,2026-09-17,primary,false,Flammable liquids storage,global,Propietario
NFPA_58_2024,NFPA,NFPA 58-2024,Liquefied Petroleum Gas Code,2024,,https://www.nfpa.org/codes-and-standards/all-codes-and-standards/list-of-codes-and-standards/detail?code=58,2026-09-17,primary,false,LPG code,global,Propietario
NFPA_853_2023,NFPA,NFPA 853-2023,Standard for the Installation of Stationary Fuel Cell Power Systems,2023,,https://www.nfpa.org/codes-and-standards/all-codes-and-standards/list-of-codes-and-standards/detail?code=853,2026-09-17,primary,false,Stationary fuel cell,global,Propietario
NFPA_497_2024,NFPA,NFPA 497-2024,"Recommended Practice for the Classification of Flammable Liquids, Gases, or Vapors and of Hazardous (Classified) Locations for Electrical Installations in Chemical Process Areas",2024,,https://www.nfpa.org/codes-and-standards/all-codes-and-standards/list-of-codes-and-standards/detail?code=497,2026-09-17,primary,false,Area classification chemicals,global,Propietario
NFPA_780_2023,NFPA,NFPA 780-2023,Standard for the Installation of Lightning Protection Systems,2023,,https://www.nfpa.org/codes-and-standards/all-codes-and-standards/list-of-codes-and-standards/detail?code=780,2026-09-17,primary,false,Lightning protection installation,global,Propietario
NFPA_20_2022,NFPA,NFPA 20-2022,Standard for the Installation of Stationary Pumps for Fire Protection,2022,,https://www.nfpa.org/codes-and-standards/all-codes-and-standards/list-of-codes-and-standards/detail?code=20,2026-09-17,primary,false,Fire pumps,global,Propietario
NFPA_13_2022,NFPA,NFPA 13-2022,Standard for the Installation of Sprinkler Systems,2022,,https://www.nfpa.org/codes-and-standards/all-codes-and-standards/list-of-codes-and-standards/detail?code=13,2026-09-17,primary,false,Sprinkler systems,global,Propietario
NFPA_15_2022,NFPA,NFPA 15-2022,Standard for Water Spray Fixed Systems for Fire Protection,2022,,https://www.nfpa.org/codes-and-standards/all-codes-and-standards/list-of-codes-and-standards/detail?code=15,2026-09-17,primary,false,Water spray fixed systems,global,Propietario
ASME_B31_1_2022,ASME,ASME B31.1-2022,Power Piping,2022,,https://www.asme.org/codes-standards/find-codes-standards/b31-1-power-piping,2026-09-17,primary,false,Power piping,global,Propietario
ASME_B31_3_2022,ASME,ASME B31.3-2022,Process Piping,2022,,https://www.asme.org/codes-standards/find-codes-standards/b31-3-process-piping,2026-09-17,primary,false,Process piping,global,Propietario
ASME_BPVC_VIII_1_2023,ASME,ASME BPVC Section VIII Division 1-2023,Rules for Construction of Pressure Vessels,2023,,https://www.asme.org/codes-standards/find-codes-standards/bpvc-viii-1-rules-construction-pressure-vessels,2026-09-17,primary,false,Pressure vessel construction,global,Propietario
ASME_B107_3000,ASME,ASME B107.3000,"Socket Wrenches, Sockets, and Accessories",2019,,https://www.asme.org/codes-standards/find-codes-standards/b107-3000-socket-wrenches-sockets-accessories,2026-09-17,primary,false,Mechanical tooling,global,Propietario
ASME_PTC_10,ASME,ASME PTC 10,Performance Test Code on Compressors and Exhausters,1997,,https://www.asme.org/codes-standards/find-codes-standards/ptc-10-performance-test-code-compressors-exhausters,2026-09-17,primary,false,Compressor performance test,global,Propietario
API_610_2024,API,API Std 610,"Centrifugal Pumps for Petroleum, Heavy Duty Chemical, and Gas Services",2024,12.0,https://www.api.org/products-and-services/standards/important-standards-announcements/standard-610,2026-09-17,primary,false,Centrifugal pumps,global,Propietario
API_520_1,API,API Std 520 Part I,"Sizing, Selection, and Installation of Pressure-Relieving Devices - Part I: Sizing and Selection",2020,10.0,https://www.api.org/products-and-services/standards/important-standards-announcements/standard-520,2026-09-17,primary,false,PSV sizing,global,Propietario
API_521,API,API Std 521,Pressure-relieving and Depressuring Systems,2022,7.0,https://www.api.org/products-and-services/standards/important-standards-announcements/standard-521,2026-09-17,primary,false,Depressuring systems,global,Propietario
API_1104_2021,API,API Std 1104,Welding of Pipelines and Related Facilities,2021,22.0,https://www.api.org/products-and-services/standards/important-standards-announcements/standard-1104,2026-09-17,primary,false,Pipeline welding,global,Propietario
API_RP_14C,API,API RP 14C,"Recommended Practice for Design, Installation, and Operation of Safety Systems for Offshore Production Platforms",2018,8.0,https://www.api.org/products-and-services/standards/important-standards-announcements/standard-14c,2026-09-17,primary,false,Offshore safety systems,global,Propietario
ASTM_E2848,ASTM,ASTM E2848-13(2020),Standard Test Method for Reporting Photovoltaic Non-Concentrator System Performance,2020,,https://www.astm.org/e2848-13r20.html,2026-09-17,primary,false,PV system performance,global,Propietario
ASTM_E1036,ASTM,ASTM E1036-15(2021),Standard Test Methods for Electrical Performance of Nonconcentrator Terrestrial Photovoltaic Modules and Arrays Using Reference Cells,2021,,https://www.astm.org/e1036-15r21.html,2026-09-17,primary,false,PV module electrical performance,global,Propietario
ASTM_D638,ASTM,ASTM D638-22,Standard Test Method for Tensile Properties of Plastics,2022,,https://www.astm.org/d0638-22.html,2026-09-17,primary,false,Plastic tensile properties,global,Propietario
ASTM_E2236,ASTM,ASTM E2236-23,Standard Test Methods for Measurement of Electrical Performance and Spectral Response of Nonconcentrator Multijunction Photovoltaic Cells and Modules,2023,,https://www.astm.org/e2236-23.html,2026-09-17,primary,false,Multi-junction PV performance,global,Propietario
ASTM_C1549,ASTM,ASTM C1549-16(2023),Standard Test Method for Determination of Solar Reflectance Near Ambient Temperature Using a Portable Solar Reflectometer,2023,,https://www.astm.org/c1549-16r23.html,2026-09-17,primary,false,Solar reflectance,global,Propietario
ASTM_E891,ASTM,ASTM E891-87(2020),Standard Tables for Terrestrial Direct Normal Solar Spectral Irradiance Tables for Air Mass 1.5,2020,,https://www.astm.org/e891-87r20.html,2026-09-17,primary,false,Direct normal solar spectrum,global,Propietario
DNV_OS_J101,DNV,DNV-OS-J101,Design of Offshore Wind Turbine Structures,2024,,https://www.dnv.com/rules-standards/standard-catalogue/,2026-09-17,primary,false,Offshore wind structures,global,Propietario
DNV_ST_0519,DNV,DNV-ST-0519,Floating wind turbines,2021,,https://www.dnv.com/rules-standards/standard-catalogue/,2026-09-17,primary,false,Floating wind,global,Propietario
DNV_OS_J103,DNV,DNV-OS-J103,Design of Floating Wind Turbine Structures,2013,,https://www.dnv.com/rules-standards/standard-catalogue/,2026-09-17,primary,false,Floating wind structures,global,Propietario
DNV_OS_E301,DNV,DNV-OS-E301,Position Mooring,2021,,https://www.dnv.com/rules-standards/standard-catalogue/,2026-09-17,primary,false,Position mooring,global,Propietario
DNV_OS_C101,DNV,DNV-OS-C101,"Design of Offshore Steel Structures, General - LRFD Method",2021,,https://www.dnv.com/rules-standards/standard-catalogue/,2026-09-17,primary,false,Offshore steel LRFD,global,Propietario
DNV_RP_C205,DNV,DNV-RP-C205,Environmental Conditions and Environmental Loads,2021,,https://www.dnv.com/rules-standards/standard-catalogue/,2026-09-17,primary,false,Metocean environmental loads,global,Propietario
DNV_RP_0585,DNV,DNV-RP-0585,"Safety, operation and performance of grid-connected battery energy storage systems (BESS)",2024,,https://www.dnv.com/rules-standards/standard-catalogue/,2026-09-17,primary,false,BESS safety operation,global,Propietario
DNV_RP_J202,DNV,DNV-RP-J202,Hydrogen quality assurance for fuel cell applications,2024,,https://www.dnv.com/rules-standards/standard-catalogue/,2026-09-17,primary,false,H2 quality fuel cell,global,Propietario
UL_1703,UL,UL 1703,Standard for Flat-Plate Photovoltaic Modules and Panels,2018,2.0,https://www.shopulstandards.com/ProductDetail.aspx?productId=1703,2026-09-17,primary,false,PV module safety flat-plate,global,Propietario; withdrawned in favor of UL 61730
UL_1741,UL,UL 1741,"Inverters, Converters, Controllers and Interconnection System Equipment for Use with Distributed Energy Resources",2021,2.0,https://www.shopulstandards.com/ProductDetail.aspx?productId=1741,2026-09-17,primary,false,Inverters converters controllers,global,Propietario
UL_9540,UL,UL 9540,Standard for Energy Storage Systems and Equipment,2023,2.0,https://www.shopulstandards.com/ProductDetail.aspx?productId=9540,2026-09-17,primary,false,Energy storage systems equipment,global,Propietario
UL_9540A,UL,UL 9540A,Test Method for Evaluating Thermal Runaway Fire Propagation in Batteries,2023,5.0,https://www.shopulstandards.com/ProductDetail.aspx?productId=9540A,2026-09-17,primary,false,Thermal runaway fire propagation,global,Propietario
UL_1973,UL,UL 1973,"Standard for Batteries for Use in Stationary, Vehicle Auxiliary Power and Light Electric Rail (LER) Applications",2022,3.0,https://www.shopulstandards.com/ProductDetail.aspx?productId=1973,2026-09-17,primary,false,Stationary battery standard,global,Propietario
UL_61730,UL,UL 61730,Photovoltaic (PV) Modules Safety Qualification,2017,1.0,https://www.shopulstandards.com/ProductDetail.aspx?productId=61730,2026-09-17,primary,false,PV module safety qualification,global,Propietario
ISO_14685,ISO,ISO 14685,Hydrometry - Geotechnical investigations for hydraulic structures,2017,1.0,https://www.iso.org/standard/55084.html,2026-09-17,primary,false,Geotech hydraulic structures,global,Propietario
ISO_1940_1,ISO,ISO 1940-1,Mechanical vibration - Balance quality requirements for rotors in a constant (rigid) state - Part 1: Specification and verification of balance tolerances,2003,1.0,https://www.iso.org/standard/20886.html,2026-09-17,primary,false,Rotor balance tolerances,global,Propietario
ISO_22790,ISO,ISO 22790,Gas production from biomass -- Quality of biogas,2019,1.0,https://www.iso.org/standard/74206.html,2026-09-17,primary,false,Biogas quality,global,Propietario
ISO_15649,ISO,ISO 15649,Petroleum and natural gas industries - Piping,2024,2.0,https://www.iso.org/standard/66422.html,2026-09-17,primary,false,Petroleum piping,global,Propietario
ISO_55000,ISO,ISO 55000,"Asset management - Overview, principles and terminology",2024,2.0,https://www.iso.org/standard/72480.html,2026-09-17,primary,false,Asset management,global,Propietario
ISO_4287,ISO,ISO 4287,"Geometrical Product Specifications (GPS) - Surface texture: Profile method - Terms, definitions and surface texture parameters",1997,1.0,https://www.iso.org/standard/10132.html,2026-09-17,primary,false,Surface texture,global,Propietario
ISO_129_1,ISO,ISO 129-1,Technical drawings - Indication of dimensions and tolerances - Part 1: General principles,2018,3.0,https://www.iso.org/standard/68762.html,2026-09-17,primary,false,Dimensioning general,global,Propietario
ISO_5455,ISO,ISO 5455,Technical drawings - Scales,1979,1.0,https://www.iso.org/standard/11478.html,2026-09-17,primary,false,Drawing scales,global,Propietario
ISO_5457,ISO,ISO 5457,Technical product documentation - Sizes and layout of drawing sheets,1999,2.0,https://www.iso.org/standard/11479.html,2026-09-17,primary,false,Drawing sheet sizes,global,Propietario
ISO_7200,ISO,ISO 7200,Technical product documentation - Data fields in title blocks and document headers,2004,1.0,https://www.iso.org/standard/36638.html,2026-09-17,primary,false,Title blocks data fields,global,Propietario
ISO_6438,ISO,ISO 6438,Documentation - African bibliographic (reference) fields,1983,1.0,https://www.iso.org/standard/12742.html,2026-09-17,primary,false,Documentation fields,global,Propietario
ISO_14617,ISO,ISO 14617,Graphical symbols for diagrams,2002,1.0,https://www.iso.org/standard/29641.html,2026-09-17,primary,false,Diagram graphical symbols,global,Propietario
ISO_81714,ISO,ISO 81714-1,Design of graphical symbols for use in technical product documentation - Part 1: Basic principles,2010,2.0,https://www.iso.org/standard/40354.html,2026-09-17,primary,false,Graphical symbol design,global,Propietario
ISO_10628,ISO,ISO 10628,Diagrams for the chemical and petrochemical industry,2024,2.0,https://www.iso.org/standard/72717.html,2026-09-17,primary,false,PFD chemical industry,global,Propietario
ISO_14617_2,ISO,ISO 14617-2,Graphical symbols for diagrams - Part 2: Symbols for heat production and heat transport,2002,1.0,https://www.iso.org/standard/33469.html,2026-09-17,primary,false,Heat production symbols,global,Propietario
MINEM_RM_304_2014,MINEM (Peru),R.M. N° 304-2014-MEM/DM,Reglamento de Conexiones de Generación Fotovoltaica y Eólica para Sistemas Eléctricos Rurales Aislados,2014,,https://www.gob.pe/institucion/minem/normas-legales/118829-304-2014-minem,2026-09-17,primary,false,PV wind rural interconnection,PE,Texto oficial
MINEM_RM_037_2006,MINEM (Peru),R.M. N° 037-2006-MEM/DM,Reglamento de Generación Distribuida,2006,,https://www.gob.pe/institucion/minem/normas-legales/118828-037-2006-minem,2026-09-17,primary,false,Distributed generation regulation,PE,Texto oficial
MINEM_DS_013_2019,MINEM (Peru),D.S. N° 013-2019-EM,Reglamento de Generación Distribuida,2019,,https://busquedas.elperuano.pe/normaslegales/decreto-supremo-que-aprueba-el-reglamento-de-generacion-distr-decreto-supremo-n-013-2019-em-1830188-2/,2026-09-17,primary,false,Distributed generation reg revised,PE,Texto oficial El Peruano
MINEM_DS_032_2003,MINEM (Peru),D.S. N° 032-2003-EM,Reglamento de Seguridad para Actividades de Hidrocarburos,2003,,https://www.gob.pe/institucion/minem/normas-legales/118821-032-2003-minem,2026-09-17,primary,false,Hydrocarbons safety reg,PE,Texto oficial
MINEM_DS_043_2006,MINEM (Peru),D.S. N° 043-2006-EM,Reglamento de Seguridad para las Actividades de Electricidad,2006,,https://www.gob.pe/institucion/minem/normas-legales/118827-043-2006-minem,2026-09-17,primary,false,Electricity safety reg,PE,Texto oficial
CNE_2011,MINEM (Peru),CNE Suministro 2011,Código Nacional de Electricidad - Suministro 2011,2011,5.0,https://www.gob.pe/institucion/minem/normas-legales/118830-013-2011-minem,2026-09-17,primary,false,CNE supply electrical installations,PE,Texto oficial
CNE_Utilizacion_2011,MINEM (Peru),CNE Utilización 2011,Código Nacional de Electricidad - Utilización 2011,2011,5.0,https://www.gob.pe/institucion/minem/normas-legales/118831-013-2011-minem,2026-09-17,primary,false,CNE utilization,PE,Texto oficial
RNE_DS_011_2006,MVCS (Peru),D.S. N° 011-2006-VIVIENDA,Reglamento Nacional de Edificaciones (RNE),2006,,https://www.gob.pe/institucion/vivienda/normas-legales/118832-011-2006-vivienda,2026-09-17,primary,false,Building code civil works,PE,Texto oficial
OSINERGMIN_PR_17,OSINERGMIN (Peru),PR-17,Procedimiento para la Verificación de Cumplimiento de los Requisitos Técnicos Aplicables a la Conexión de Generación al SEIN,2023,,https://www.osinergmin.gob.pe/seccion/institucional/marco-legal/normas,2026-09-17,primary,false,SEIN connection verification,PE,Texto oficial
OSINERGMIN_PR_19,OSINERGMIN (Peru),PR-19,Procedimiento para la Verificación de Cumplimiento de los Requisitos de Calidad de Potencia Aplicables a la Conexión de Generación al SEIN,2023,,https://www.osinergmin.gob.pe/seccion/institucional/marco-legal/normas,2026-09-17,primary,false,Power quality SEIN,PE,Texto oficial
OSINERGMIN_PR_27,OSINERGMIN (Peru),PR-27,Procedimiento para la Fiscalización de la Calidad del Producto y del Servicio Eléctrico,2024,,https://www.osinergmin.gob.pe/seccion/institucional/marco-legal/normas,2026-09-17,primary,false,Electric service quality supervision,PE,Texto oficial
COES_NCO_2019,COES SINAC (Peru),NCO 2019,Procedimientos Técnicos de Coordinación de la Operación en Paralelo de las Centrales de Generación con el Sistema Eléctrico Interconectado Nacional - Código de Operación,2019,,https://www.coes.org.pe/portal/posto/normas/,2026-09-17,primary,false,Operation code SEIN,PE,Texto oficial COES
COES_Proyectos_Conexion,COES SINAC (Peru),PCC,Procedimiento para la Aprobación de Estudios de Pre Operación y Operación Comercial de Centrales de Generación y Sistemas de Transmisión,2024,,https://www.coes.org.pe/portal/posto/normas/,2026-09-17,primary,false,Generation pre-op commercial approval,PE,Texto oficial COES
MIMP_Ambiental_GLA,MINAM (Peru),LEGA,Ley General del Ambiente - Ley N° 28611,2005,,https://www.gob.pe/institucion/minam/normas-legales/118833-28611-minam,2026-09-17,primary,false,Environmental law general,PE,Texto oficial
MINAM_DS_019_2009,MINAM (Peru),D.S. N° 019-2009-MINAM,Reglamento de la Ley del Sistema Nacional de Evaluación de Impacto Ambiental,2009,,https://www.gob.pe/institucion/minam/normas-legales/118834-019-2009-minam,2026-09-17,primary,false,SEIA environmental impact assessment,PE,Texto oficial
SERFOR_DS_020_2015,SERFOR (Peru),D.S. N° 020-2015-MINAGRI,Reglamento de Ley Forestal y de Fauna Silvestre,2015,,https://www.gob.pe/institucion/minagri/normas-legales/118835-020-2015-minagri,2026-09-17,primary,false,Forestry and wildlife reg,PE,Texto oficial
SERNANP_DS_007_2016,SERNANP (Peru),D.S. N° 007-2016-MINAM,Reglamento de la Ley de Áreas Naturales Protegidas,2016,,https://www.gob.pe/institucion/minam/normas-legales/118836-007-2016-minam,2026-09-17,primary,false,Protected natural areas,PE,Texto oficial
NREL_SAM_2024,NREL,SAM 2024,System Advisor Model - Technical Reference,2024,,https://sam.nrel.gov/,2026-09-17,primary,false,PV performance model reference,global,Free public tool
NREL_PVWatts,NREL,PVWatts v8,PVWatts Calculator Technical Reference,2024,,https://pvwatts.nrel.gov/,2026-09-17,primary,false,PVWatts simplified PV model,global,Free public tool
NREL_TK_PVINSPECT,NREL,NREL/TP-7A40-78275,Best Practices for Operation and Maintenance of Photovoltaic and Energy Storage Systems,2022,,https://www.nrel.gov/docs/fy23osti/80583.html,2026-09-17,primary,false,PV/BESS O&M best practices,global,Public report
NREL_TK_6A20_78595,NREL,NREL/TP-6A20-78595,Wind Power Plant Performance: A Spatial and Temporal Analysis,2024,,https://www.nrel.gov/docs/fy24osti/78595.html,2026-09-17,primary,false,Wind power plant performance,global,Public report
NREL_TP_5000_87434,NREL,NREL/TP-5000-87434,Land-Based Wind Energy Siting Handbook,2024,,https://www.nrel.gov/docs/fy24osti/87434.html,2026-09-17,primary,false,Wind siting handbook,global,Public report
NREL_TP_5400_88989,NREL,NREL/TP-5400-88989,BESS Performance and Safety Reference,2024,,https://www.nrel.gov/docs/fy24osti/88989.html,2026-09-17,primary,false,BESS performance safety,global,Public report
DOE_H2A,DOE (USA),H2A,H2A Hydrogen Analysis Production Models,2024,,https://www.hydrogen.energy.gov/h2a_analysis.html,2026-09-17,primary,false,H2 production analysis,global,Public tool
IEA_PVPS_T1_2024,IEA,IEA PVPS T1-40:2024,Trends in Photovoltaic Applications 2024,2024,,https://iea-pvps.org/trends-in-photovoltaic-applications-2024/,2026-09-17,primary,false,PV market trends,global,Free public report
IRENA_RENEW_2024,IRENA,Renewable Capacity Statistics 2024,Renewable Capacity Statistics 2024,2024,,https://www.irena.org/Publications/2024/Mar/Renewable-Capacity-Statistics-2024,2026-09-17,primary,false,Renewable capacity global,global,Free public report
IRENA_COST_2024,IRENA,Renewable Power Generation Costs in 2023,Renewable Power Generation Costs in 2023,2024,,https://www.irena.org/Publications/2024/Sep/Renewable-Power-Generation-Costs-in-2023,2026-09-17,primary,false,Renewable cost LCOE,global,Free public report
IRENA_OFFSHORE_2023,IRENA,Floating Offshore Wind Energy,Floating Offshore Wind Energy,2023,,https://www.irena.org/Publications/2023/Sep/Floating-offshore-wind-energy,2026-09-17,primary,false,Floating offshore wind,global,Free public report
IAPWS_IF97,IAPWS,IAPWS-IF97,Revised Release on the IAPWS Industrial Formulation 1997 for the Thermodynamic Properties of Water and Steam,2012,,https://www.iapws.org/relguide/IF97-Rev.html,2026-09-17,primary,false,Steam thermodynamic properties,global,Free public release
NIST_WEBBOOK,NIST,NIST Chemistry WebBook,NIST Standard Reference Database 69,2024,,https://webbook.nist.gov/,2026-09-17,primary,false,Thermophysical properties,global,Free public
NASA_POWER,NASA,POWER,NASA Prediction Of Worldwide Energy Resources,2024,,https://power.larc.nasa.gov/,2026-09-17,primary,false,Meteo solar wind resource,global,Free public data
NSRDB_NREL,NREL,NSRDB,National Solar Radiation Database,2024,,https://nsrdb.nrel.gov/,2026-09-17,primary,false,Solar irradiance TMY,global,Free public data
ISO_19111,ISO,ISO 19111,Geographic information - Referencing by coordinates,2019,2.0,https://www.iso.org/standard/74039.html,2026-09-17,primary,false,CRS geodetic reference,global,Propietario
ISO_16739,ISO,ISO 16739-1,Industry Foundation Classes (IFC) for data sharing in the construction and facility management industries - Part 1: Data schema,2024,2.0,https://www.iso.org/standard/70303.html,2026-09-17,primary,false,IFC schema,global,Free open specification
ISO_19650_1,ISO,ISO 19650-1,"Organization and digitization of information about buildings and civil engineering works, including building information modelling (BIM) - Part 1: Concepts and principles",2018,1.0,https://www.iso.org/standard/68078.html,2026-09-17,primary,false,BIM information management concepts,global,Propietario
ISO_19650_2,ISO,ISO 19650-2,"Organization and digitization of information about buildings and civil engineering works, including building information modelling (BIM) - Part 2: Delivery phase of the assets",2018,1.0,https://www.iso.org/standard/68080.html,2026-09-17,primary,false,BIM delivery phase,global,Propietario
DXF_R2018,Autodesk,DXF Reference,DXF Reference (Drawing Exchange Format),2018,R2018,https://images.autodesk.com/net_downloads/acr/learn/enu/autocad-documentation/dxf-reference.pdf,2026-09-17,primary,false,DXF file format,global,Public specification
W3C_SVG_1_1,W3C,SVG 1.1,Scalable Vector Graphics (SVG) 1.1 Specification,2003,2.0,https://www.w3.org/TR/SVG11/,2026-09-17,primary,false,SVG vector format,global,Free open standard
PDF_ISO_32000_1,ISO,ISO 32000-1,Document management - Portable document format - Part 1: PDF 1.7,2008,1.0,https://www.iso.org/standard/51502.html,2026-09-17,primary,false,PDF 1.7 specification,global,Free
ICOLD_Bull_60,ICOLD,Bulletin 60,Design Flood - Estimation of design flood,2018,2.0,https://www.icold-cigb.org/article/dams-and-floods,2026-09-17,primary,false,Design flood estimation,global,Propietario
ICOLD_Bull_120,ICOLD,Bulletin 120,Design Features of Hydro Plants,2024,2.0,https://www.icold-cigb.org/article/design-features-of-hydro-plants,2026-09-17,primary,false,Hydro plant design features,global,Propietario
ISO_14656,ISO,ISO 14656,Petroleum and natural gas industries - Specific requirements for offshore structures - Part 4: Geotechnical and foundation design considerations (referenced),2017,,https://www.iso.org/standard/54801.html,2026-09-17,primary,false,Offshore geotech,global,Propietario
IGA_BestPractices,IGA,Best Practices for Geothermal Exploration,International Geothermal Association Best Practices for Geothermal Exploration,2014,,https://www.geothermal-energy.org/,2026-09-17,secondary,true,Geothermal exploration,global,Industry association
IEC_TS_62600_1,IEC,IEC TS 62600-1,"Marine energy - Wave, tidal and other water current converters - Part 1: Terminology",2019,1.0,https://webstore.iec.ch/publication/62935-62600,2026-09-17,primary,false,Marine energy terminology,global,Propietario
IEC_TS_62600_2,IEC,IEC TS 62600-2,"Marine energy - Wave, tidal and other water current converters - Part 2: Design requirements for marine energy systems",2019,1.0,https://webstore.iec.ch/publication/62935-62600,2026-09-17,primary,false,Marine energy design,global,Propietario
IEC_TS_62600_10,IEC,IEC TS 62600-10,"Marine energy - Wave, tidal and other water current converters - Part 10: Assessment of mooring systems for marine energy converters",2024,1.0,https://webstore.iec.ch/publication/62935-62600,2026-09-17,primary,false,Marine mooring,global,Propietario
IEC_TS_62600_30,IEC,IEC TS 62600-30,"Marine energy - Wave, tidal and other water current converters - Part 30: Electrical power quality requirements",2018,1.0,https://webstore.iec.ch/publication/62935-62600,2026-09-17,primary,false,Marine power quality,global,Propietario
IEC_TS_62600_40,IEC,IEC TS 62600-40,"Marine energy - Wave, tidal and other water current converters - Part 40: Sound power level measurement of Ocean-based devices",2024,1.0,https://webstore.iec.ch/publication/62935-62600,2026-09-17,primary,false,Marine acoustic,global,Propietario
DNV_OS_J103_O,DNV,DNV-OS-J103,Design of Floating Wind Turbine Structures (referenced for marine),2013,,https://www.dnv.com/rules-standards/standard-catalogue/,2026-09-17,primary,false,Floating wind marine,global,Propietario
ISO_6107_1,ISO,ISO 6107-1,Water quality - Vocabulary - Part 1,2024,8.0,https://www.iso.org/standard/83813.html,2026-09-17,primary,false,Water quality vocabulary,global,Propietario
ISO_10628_2,ISO,ISO 10628-2,Diagrams for the chemical and petrochemical industry - Part 2: Graphical symbols,2012,1.0,https://www.iso.org/standard/57430.html,2026-09-17,primary,false,Process graphical symbols,global,Propietario
ISO_15547_1,ISO,ISO 15547-1,"Petroleum, petrochemical and natural gas industries - Plate heat exchangers - Part 1: Plate-and-frame heat exchangers",2024,2.0,https://www.iso.org/standard/75434.html,2026-09-17,primary,false,Plate heat exchangers,global,Propietario
ISO_9806,ISO,ISO 9806,Solar energy - Test methods for solar collectors,2024,2.0,https://www.iso.org/standard/83704.html,2026-09-17,primary,false,Solar collector test,global,Propietario
ISO_22975_1,ISO,ISO 22975-1,Solar energy - Collector components and materials - Part 1: Evacuated tubes - Durability and performance,2024,2.0,https://www.iso.org/standard/83613.html,2026-09-17,primary,false,Evacuated tube durability,global,Propietario
ASHRAE_93,ASHRAE,ASHRAE 93,Methods of Testing to Determine the Thermal Performance of Solar Collectors,2024,,https://www.ashrae.org/technical-resources/standards-and-guidelines,2026-09-17,primary,false,Solar collector thermal performance,global,Propietario
IEC_TS_62832_1,IEC,IEC TS 62832-1,"Industrial-process measurement, control and automation - Digital factory framework - Part 1: General principles",2020,1.0,https://webstore.iec.ch/publication/62935-62832,2026-09-17,primary,false,Digital factory framework,global,Propietario
NREL_TES_CSP,NREL,NREL/TP-5500-77556,Concentrating Solar Power Best Practices Study,2024,,https://www.nrel.gov/docs/fy24osti/77556.html,2026-09-17,primary,false,CSP best practices TES,global,Public report
ISO_13567_1,ISO,ISO 13567-1,Technical product documentation - Organization of CAD layers - Part 1: Overview and principles,1998,2.0,https://www.iso.org/standard/22792.html,2026-09-17,primary,false,CAD layer organization,global,Propietario
ISO_13567_2,ISO,ISO 13567-2,"Technical product documentation - Organization of CAD layers - Part 2: Concepts, format and codes used in construction documentation",1998,2.0,https://www.iso.org/standard/22793.html,2026-09-17,primary,false,CAD layer construction codes,global,Propietario
ISO_10209,ISO,ISO 10209,"Technical product documentation - Vocabulary - Terms relating to technical drawings, product definition and related documentation",2024,2.0,https://www.iso.org/standard/83720.html,2026-09-17,primary,false,Technical drawing vocabulary,global,Propietario
ISO_128_20,ISO,ISO 128-20,Technical drawings - General principles of presentation - Part 20: Basic conventions for lines,1996,1.0,https://www.iso.org/standard/63574.html,2026-09-17,primary,false,Line conventions,global,Propietario
ISO_128_24,ISO,ISO 128-24,Technical drawings - General principles of presentation - Part 24: Lines on mechanical engineering drawings,2014,2.0,https://www.iso.org/standard/63575.html,2026-09-17,primary,false,Mechanical lines,global,Propietario
ISO_129_1_2018,ISO,ISO 129-1:2018,Technical drawings - Indication of dimensions and tolerances - Part 1: General principles,2018,3.0,https://www.iso.org/standard/68762.html,2026-09-17,primary,false,Dimensions general,global,Propietario
ANSI_Y14_5,ASME,ASME Y14.5-2018,Dimensioning and Tolerancing - Engineering Drawing and Related Documentation Practices,2018,,https://www.asme.org/codes-standards/find-codes-standards/y14-5-dimensioning-and-tolerancing-engineering-drawing-and-related-documentation-practices,2026-09-17,primary,false,GD&T dimensioning tolerancing,global,Propietario
AIA_National_CAD,AIA,AIA CAD Layer Guidelines,U.S. National CAD Standard - Layer Guidelines,2023,7.0,https://www.aia.org/resources/7702-us-national-cad-standard,2026-09-17,primary,false,CAD layer standard,global,Propietario
NFPA_2_2023,NFPA,NFPA 2-2023,Hydrogen Technologies Code,2023,,https://www.nfpa.org/codes-and-standards/all-codes-and-standards/list-of-codes-and-standards/detail?code=2,2026-09-17,primary,false,Hydrogen technologies code,global,Propietario
NFPA_664,NFPA,NFPA 664,Standard for the Prevention of Fires and Explosions in Wood Processing and Woodworking Facilities,2020,,https://www.nfpa.org/codes-and-standards/all-codes-and-standards/list-of-codes-and-standards/detail?code=664,2026-09-17,primary,false,Wood dust fire prevention,global,Propietario
ISO_7010,ISO,ISO 7010,Graphical symbols - Safety colours and safety signs - Registered safety signs,2019,2.0,https://www.iso.org/standard/76046.html,2026-09-17,primary,false,Safety signs graphical symbols,global,Propietario
NFPA_72_2019,NFPA,NFPA 72-2019,National Fire Alarm and Signaling Code,2019,,https://www.nfpa.org/codes-and-standards/all-codes-and-standards/list-of-codes-and-standards/detail?code=72,2026-09-17,primary,false,Fire alarm signaling,global,Propietario
NFPA_14_2019,NFPA,NFPA 14-2019,Standard for the Installation of Standpipe and Hose Systems,2019,,https://www.nfpa.org/codes-and-standards/all-codes-and-standards/list-of-codes-and-standards/detail?code=14,2026-09-17,primary,false,Standpipe hose systems,global,Propietario
NFPA_10,NFPA,NFPA 10-2022,Standard for Portable Fire Extinguishers,2022,,https://www.nfpa.org/codes-and-standards/all-codes-and-standards/list-of-codes-and-standards/detail?code=10,2026-09-17,primary,false,Portable fire extinguishers,global,Propietario
ISO_80000,ISO,ISO 80000,Quantities and units,2022,2.0,https://www.iso.org/standard/75098.html,2026-09-17,primary,false,SI quantities units,global,Propietario
IEC_60617,IEC,IEC 60617,Graphical symbols for diagrams,2024,13.0,https://webstore.iec.ch/publication/61111,2026-09-17,primary,false,Electrical graphical symbols,global,Propietario
IEC_60034,IEC,IEC 60034,Rotating electrical machines,2024,13.0,https://webstore.iec.ch/publication/60034,2026-09-17,primary,false,Rotating electrical machines,global,Propietario
NFPA_68,NFPA,NFPA 68-2018,Standard on Explosion Protection by Deflagration,2018,,https://www.nfpa.org/codes-and-standards/all-codes-and-standards/list-of-codes-and-standards/detail?code=68,2026-09-17,primary,false,Explosion protection deflagration,global,Propietario
NFPA_69,NFPA,NFPA 69-2019,Standard on Explosion Prevention Systems,2019,,https://www.nfpa.org/codes-and-standards/all-codes-and-standards/list-of-codes-and-standards/detail?code=69,2026-09-17,primary,false,Explosion prevention systems,global,Propietario
NREL_SAM,NREL,SAM 2024,System Advisor Model Technical Reference,2024,,https://sam.nrel.gov/,2026-09-17,primary,false,Renewable energy system model,global,Public tool; alias NREL_SAM_2024
ASME_Y14_5,ASME,ASME Y14.5,Dimensioning and Tolerancing (alias of ANSI Y14.5),2018,,https://www.asme.org/codes-standards/find-codes-standards/y14-5-dimensioning-and-tolerancing-engineering-drawing-and-related-documentation-practices,2026-09-17,primary,false,Dimensioning tolerancing GD&T,global,Alias of ANSI_Y14_5
NEC_70_2023,NFPA,NFPA 70-2023 (NEC),National Electrical Code (alias of NFPA 70),2023,,https://www.nfpa.org/codes-and-standards/all-codes-and-standards/list-of-codes-and-standards/detail?code=70,2026-09-17,primary,false,NEC general requirements,global,Alias of NFPA_70_2023
IEC_60909,IEC,IEC 60909,Short-circuit currents in three-phase a.c. electrical systems,2024,1.0,https://webstore.iec.ch/publication/61009,2026-09-18,primary,false,Short-circuit current calculation,global,Propietario
