layer_id,discipline,technology_scope,name_template,description,aci_color,rgb_color,lineweight_mm,linetype,plot_behavior,visible_scales,entity_types,source_ids
1,GEN,ALL,GEN-ALL-BORDER,Borde de plano,7,"0,0,0",1.5,CONTINUOUS,PLOT,ALL,LINE,ISO_5457;ISO_128_20
2,GEN,ALL,GEN-ALL-TITLEBLOCK,Cajetín del plano,7,"0,0,0",0.7,CONTINUOUS,PLOT,ALL,POLYLINE;TEXT,ISO_7200
3,GEN,ALL,GEN-ALL-VIEWPORT,Borde de viewport,7,"0,0,0",0.35,CONTINUOUS,NO_PLOT,ALL,POLYLINE,DXF_R2018
4,GEN,ALL,GEN-ALL-TEXT-NOTE,Notas generales,7,"0,0,0",0.18,CONTINUOUS,PLOT,ALL,TEXT,ISO_129_1
5,GEN,ALL,GEN-ALL-TEXT-TITLE,Títulos de plano,7,"0,0,0",0.5,CONTINUOUS,PLOT,ALL,TEXT,ISO_129_1
6,GEN,ALL,GEN-ALL-TEXT-SECTION,Encabezados de sección,7,"0,0,0",0.35,CONTINUOUS,PLOT,ALL,TEXT,ISO_129_1
7,GEN,ALL,GEN-ALL-GRID,Cuadrícula / ejes,8,"128,128,128",0.18,CENTER,PLOT,ALL,LINE;CIRCLE;TEXT,ISO_129_1
8,GEN,ALL,GEN-ALL-GRID-BUBBLE,Burbujas de ejes,7,"0,0,0",0.5,CONTINUOUS,PLOT,ALL,CIRCLE;TEXT,ISO_129_1
9,GEN,ALL,GEN-ALL-DIMENSION,Cotas lineales,3,"0,0,255",0.18,CONTINUOUS,PLOT,ALL,DIMENSION;TEXT,ISO_129_1
10,GEN,ALL,GEN-ALL-DIMENSION-ANGLE,Cotas angulares,3,"0,0,255",0.18,CONTINUOUS,PLOT,ALL,DIMENSION;TEXT,ISO_129_1
11,GEN,ALL,GEN-ALL-LEADER,Líneas de líder y llamadas,3,"0,0,255",0.18,CONTINUOUS,PLOT,ALL,LINE;TEXT,ISO_129_1
12,GEN,ALL,GEN-ALL-SECTION-IND,Indicadores de sección,2,"255,0,0",0.35,CONTINUOUS,PLOT,ALL,LINE;TEXT,ISO_129_1
13,GEN,ALL,GEN-ALL-DETAIL-IND,Llamadas de detalle,2,"255,0,0",0.35,CONTINUOUS,PLOT,ALL,CIRCLE;LINE;TEXT,ISO_129_1
14,GEN,ALL,GEN-ALL-ELEVATION-MARK,Marcas de elevación,2,"255,0,0",0.35,CONTINUOUS,PLOT,ALL,CIRCLE;TEXT,ISO_129_1
15,GEN,ALL,GEN-ALL-NORTH-ARROW,Flecha de norte,7,"0,0,0",0.5,CONTINUOUS,PLOT,ALL,POLYLINE;TEXT,ISO_7200
16,GEN,ALL,GEN-ALL-SCALE-BAR,Barra de escala,7,"0,0,0",0.35,CONTINUOUS,PLOT,ALL,POLYLINE;TEXT,ISO_5455
17,GEN,ALL,GEN-ALL-LEGEND,Leyenda,7,"0,0,0",0.35,CONTINUOUS,PLOT,ALL,POLYLINE;TEXT,ISO_7200
18,GEN,ALL,GEN-ALL-HATCH-CONCRETE,Hatch concreto,8,"128,128,128",0.18,CONTINUOUS,PLOT,ALL,HATCH,ISO_128_20
19,GEN,ALL,GEN-ALL-HATCH-STEEL,Hatch acero,8,"128,128,128",0.18,CONTINUOUS,PLOT,ALL,HATCH,ISO_128_20
20,GEN,ALL,GEN-ALL-HATCH-EARTH,Hatch tierra,8,"128,128,128",0.18,CONTINUOUS,PLOT,ALL,HATCH,ISO_128_20
21,GEN,ALL,GEN-ALL-HATCH-WATER,Hatch agua,5,"0,255,255",0.18,CONTINUOUS,PLOT,ALL,HATCH,ISO_128_20
22,GEN,ALL,GEN-ALL-REVISION-CLOUD,Nube de revisión,1,"255,0,0",0.5,CONTINUOUS,PLOT,ALL,POLYLINE,ISO_7200
23,GEN,ALL,GEN-ALL-WORK-AREA,Área de trabajo / zona de plano,6,"255,255,0",0.13,DASHED,NO_PLOT,ALL,POLYLINE,DXF_R2018
24,GEN,ALL,GEN-ALL-XREF-BOUNDARY,Marco de XREF,7,"0,0,0",0.13,CONTINUOUS,NO_PLOT,ALL,POLYLINE,DXF_R2018
25,CIVIL,ALL,CIV-ALL-TOPO-EXISTING,Topografía existente,6,"255,255,0",0.13,CONTINUOUS,PLOT,ALL,LINE;POLYLINE;POINT,ISO_14685
26,CIVIL,ALL,CIV-ALL-TOPO-PROPOSED,Topografía propuesta,3,"0,0,255",0.18,CONTINUOUS,PLOT,ALL,LINE;POLYLINE;POINT,ISO_14685
27,CIVIL,ALL,CIV-ALL-CONTOUR-MAJOR,Curvas de nivel principales,9,"255,165,0",0.25,CONTINUOUS,PLOT,ALL,POLYLINE,ISO_14685
28,CIVIL,ALL,CIV-ALL-CONTOUR-MINOR,Curvas de nivel secundarias,9,"255,165,0",0.13,CONTINUOUS,PLOT,ALL,POLYLINE,ISO_14685
29,CIVIL,ALL,CIV-ALL-BOUNDARY,Límite del terreno,2,"255,0,0",0.5,CONTINUOUS,PLOT,ALL,POLYLINE,ISO_19111
30,CIVIL,ALL,CIV-ALL-SETBACK,Retiros,1,"255,0,0",0.18,DASHED,PLOT,ALL,POLYLINE,RNE_DS_011_2006
31,CIVIL,ALL,CIV-ALL-ACCESS-ROAD,Vías de acceso,5,"0,255,255",0.5,CONTINUOUS,PLOT,ALL,POLYLINE;HATCH,RNE_DS_011_2006
32,CIVIL,ALL,CIV-ALL-FENCE,Cercos,7,"0,0,0",0.25,CONTINUOUS,PLOT,ALL,LINE;POLYLINE,RNE_DS_011_2006
33,CIVIL,ALL,CIV-ALL-DRAINAGE,Drenaje pluvial,5,"0,255,255",0.35,CONTINUOUS,PLOT,ALL,LINE;POLYLINE,RNE_DS_011_2006
34,CIVIL,ALL,CIV-ALL-EXCAVATION,Zonas de excavación,9,"255,165,0",0.18,DASHED,PLOT,ALL,HATCH;POLYLINE,RNE_DS_011_2006
35,CIVIL,ALL,CIV-ALL-EMBANKMENT,Taludes de relleno,9,"255,165,0",0.18,CONTINUOUS,PLOT,ALL,LINE;HATCH,RNE_DS_011_2006
36,CIVIL,ALL,CIV-ALL-CUT,Taludes de corte,9,"255,165,0",0.18,CONTINUOUS,PLOT,ALL,LINE;HATCH,RNE_DS_011_2006
37,CIVIL,ALL,CIV-ALL-SITE-IMPLANT,Implantación del sitio,7,"0,0,0",0.5,CONTINUOUS,PLOT,ALL,POLYLINE,ISO_14685
38,CIVIL,ALL,CIV-ALL-GEOTECH-POINT,Puntos geotécnicos,3,"0,0,255",0.18,CONTINUOUS,PLOT,ALL,POINT;TEXT,ISO_14685
39,ARC,ALL,ARC-ALL-BUILDING-OUTLINE,Perímetro de edificaciones,7,"0,0,0",0.7,CONTINUOUS,PLOT,ALL,POLYLINE,RNE_DS_011_2006
40,ARC,ALL,ARC-ALL-WALL-EXT,Muros exteriores,7,"0,0,0",0.5,CONTINUOUS,PLOT,ALL,POLYLINE,RNE_DS_011_2006
41,ARC,ALL,ARC-ALL-WALL-INT,Muros interiores,7,"0,0,0",0.35,CONTINUOUS,PLOT,ALL,POLYLINE,RNE_DS_011_2006
42,ARC,ALL,ARC-ALL-DOOR,Puertas,3,"0,0,255",0.25,CONTINUOUS,PLOT,ALL,ARC;LINE,ISO_14617
43,ARC,ALL,ARC-ALL-WINDOW,Ventanas,5,"0,255,255",0.25,CONTINUOUS,PLOT,ALL,LINE,ISO_14617
44,ARC,ALL,ARC-ALL-FURNITURE,Mobiliario,8,"128,128,128",0.18,CONTINUOUS,PLOT,ALL,POLYLINE,RNE_DS_011_2006
45,ARC,ALL,ARC-ALL-ROOM-TAG,Etiquetas de ambiente,3,"0,0,255",0.18,CONTINUOUS,PLOT,ALL,TEXT;POLYLINE,RNE_DS_011_2006
46,STR,ALL,STR-ALL-FOUNDATION,Cimentaciones,7,"0,0,0",0.5,CONTINUOUS,PLOT,ALL,POLYLINE;HATCH,RNE_DS_011_2006
47,STR,ALL,STR-ALL-FOOTING,Zapatas,7,"0,0,0",0.5,CONTINUOUS,PLOT,ALL,POLYLINE;HATCH,RNE_DS_011_2006
48,STR,ALL,STR-ALL-PILE,Pilotes,7,"0,0,0",0.5,CONTINUOUS,PLOT,ALL,CIRCLE;HATCH,RNE_DS_011_2006
49,STR,ALL,STR-ALL-COLUMN,Columnas,7,"0,0,0",0.5,CONTINUOUS,PLOT,ALL,POLYLINE,RNE_DS_011_2006
50,STR,ALL,STR-ALL-BEAM,Vigas,7,"0,0,0",0.35,CONTINUOUS,PLOT,ALL,POLYLINE,RNE_DS_011_2006
51,STR,ALL,STR-ALL-SLAB,Losas,7,"0,0,0",0.35,CONTINUOUS,PLOT,ALL,POLYLINE;HATCH,RNE_DS_011_2006
52,STR,ALL,STR-ALL-REBAR-MAIN,Acero principal,1,"255,0,0",0.35,CONTINUOUS,PLOT,ALL,LINE,RNE_DS_011_2006
53,STR,ALL,STR-ALL-REBAR-STIRRUP,Estribos,1,"255,0,0",0.25,CONTINUOUS,PLOT,ALL,POLYLINE,RNE_DS_011_2006
54,STR,ALL,STR-ALL-REBAR-DIM,Cotas de acero,3,"0,0,255",0.18,CONTINUOUS,PLOT,ALL,DIMENSION;TEXT,RNE_DS_011_2006
55,STR,ALL,STR-ALL-ANCHOR-BOLT,Anclajes,2,"255,0,0",0.35,CONTINUOUS,PLOT,ALL,CIRCLE;LINE,RNE_DS_011_2006
56,ELEC,ALL,ELEC-ALL-SLD,Diagrama unifilar,7,"0,0,0",0.5,CONTINUOUS,PLOT,ALL,LINE;TEXT;BLOCK,IEC_60617
57,ELEC,ALL,ELEC-ALL-AC-CABLE-1PH,Cable AC monofásico,3,"0,0,255",0.25,CONTINUOUS,PLOT,ALL,LINE,IEC_60617
58,ELEC,ALL,ELEC-ALL-AC-CABLE-3PH,Cable AC trifásico,3,"0,0,255",0.35,CONTINUOUS,PLOT,ALL,LINE,IEC_60617
59,ELEC,ALL,ELEC-ALL-DC-CABLE,Cable DC,2,"255,0,0",0.35,CONTINUOUS,PLOT,ALL,LINE,IEC_60617
60,ELEC,ALL,ELEC-ALL-GROUNDING,Puesta a tierra,2,"255,0,0",0.5,DASHED,PLOT,ALL,LINE;POLYLINE,IEEE_80_2013
61,ELEC,ALL,ELEC-ALL-CONDUIT,Conduit / canalización,5,"0,255,255",0.25,CONTINUOUS,PLOT,ALL,LINE;POLYLINE,NEC_70_2023
62,ELEC,ALL,ELEC-ALL-TRANSFORMER,Transformadores,7,"0,0,0",0.5,CONTINUOUS,PLOT,ALL,CIRCLE;LINE;TEXT,IEC_60617
63,ELEC,ALL,ELEC-ALL-SWGEAR,Tableros / switchgear,7,"0,0,0",0.5,CONTINUOUS,PLOT,ALL,POLYLINE;TEXT,IEC_60617
64,ELEC,ALL,ELEC-ALL-BREAKER,Breakers,7,"0,0,0",0.35,CONTINUOUS,PLOT,ALL,LINE;TEXT,IEC_60617
65,ELEC,ALL,ELEC-ALL-INVERTER,Inversores,6,"255,255,0",0.5,CONTINUOUS,PLOT,ALL,RECT;TEXT,IEC_60617
66,ELEC,ALL,ELEC-ALL-SURGE-ARRESTER,Pararrayos / DPS,2,"255,0,0",0.35,CONTINUOUS,PLOT,ALL,POLYLINE;TEXT,IEC_61643_11
67,ELEC,ALL,ELEC-ALL-LIGHTNING-ROD,Captadores de rayo,2,"255,0,0",0.5,CONTINUOUS,PLOT,ALL,POLYLINE;TEXT,IEC_62305_3
68,ELEC,ALL,ELEC-ALL-LIGHTNING-DOWNCONDUCTOR,Bajadas de rayo,2,"255,0,0",0.35,CONTINUOUS,PLOT,ALL,LINE,IEC_62305_3
69,ELEC,ALL,ELEC-ALL-COMM-CABLE,Cables de comunicación,4,"0,128,0",0.18,CONTINUOUS,PLOT,ALL,LINE,IEC_60617
70,ELEC,PV_GROUND;PV_ROOF;PV_FLOATING,ELEC-PV-MODULE-OUTLINE,Perímetro de módulo PV,3,"0,0,255",0.35,CONTINUOUS,PLOT,ALL,POLYLINE,IEC_61215_1
71,ELEC,PV_GROUND;PV_ROOF;PV_FLOATING,ELEC-PV-STRING-LAYOUT,Strings PV,3,"0,0,255",0.25,CONTINUOUS,PLOT,ALL,POLYLINE;TEXT,IEC_62548
72,ELEC,PV_GROUND,ELEC-PV-TRACKER,Trackers solares,6,"255,255,0",0.5,CONTINUOUS,PLOT,ALL,POLYLINE;ARC,IEC_62817
73,ELEC,PV_GROUND;PV_ROOF;PV_FLOATING,ELEC-PV-ARRAY-BOUNDARY,Límite de arrays,3,"0,0,255",0.35,DASHED,PLOT,ALL,POLYLINE,IEC_62548
74,CIVIL,PV_GROUND;PV_FLOATING,CIV-PV-FOUNDATION,Cimentaciones PV,7,"0,0,0",0.5,CONTINUOUS,PLOT,ALL,POLYLINE;HATCH,RNE_DS_011_2006
75,MECH,WIND_ONSHORE;WIND_OFFSHORE,MECH-WT-FOUNDATION,Cimentación aerogenerador,7,"0,0,0",0.5,CONTINUOUS,PLOT,ALL,POLYLINE;HATCH,IEC_61400_6
76,MECH,WIND_ONSHORE;WIND_OFFSHORE,MECH-WT-TOWER,Torre WT,7,"0,0,0",0.5,CONTINUOUS,PLOT,ALL,POLYLINE,IEC_61400_6
77,MECH,WIND_ONSHORE;WIND_OFFSHORE,MECH-WT-ROTOR,Rotor WT,7,"0,0,0",0.5,CONTINUOUS,PLOT,ALL,POLYLINE;ARC,IEC_61400_5
78,ELEC,WIND_ONSHORE;WIND_OFFSHORE,ELEC-WT-COLLECTOR,Red colectora eólica,3,"0,0,255",0.35,CONTINUOUS,PLOT,ALL,LINE;POLYLINE,IEC_61400_21_1
79,CIVIL,WIND_OFFSHORE,CIV-WT-MONPILE,Monopile offshore,7,"0,0,0",0.5,CONTINUOUS,PLOT,ALL,POLYLINE;HATCH,DNV_OS_J101
80,CIVIL,WIND_OFFSHORE,CIV-WT-MOORING,Sistema de amarras,2,"255,0,0",0.5,CONTINUOUS,PLOT,ALL,LINE;POLYLINE,DNV_OS_E301
81,HYD,HYDRO,HYD-INTAKE,Captación / bocatoma,5,"0,255,255",0.5,CONTINUOUS,PLOT,ALL,POLYLINE;HATCH,ICOLD_Bull_120
82,HYD,HYDRO,HYD-PENSTOCK,Tubería forzada,7,"0,0,0",0.5,CONTINUOUS,PLOT,ALL,LINE;POLYLINE,ASME_B31_1_2022
83,HYD,HYDRO,HYD-TURBINE,Turbina hidráulica,7,"0,0,0",0.5,CONTINUOUS,PLOT,ALL,POLYLINE;ARC,IEC_60193
84,HYD,HYDRO,HYD-POWERHOUSE,Casa de máquinas,7,"0,0,0",0.7,CONTINUOUS,PLOT,ALL,POLYLINE;HATCH,ICOLD_Bull_120
85,HYD,HYDRO,HYD-TAILRACE,Canal de restitución,5,"0,255,255",0.5,CONTINUOUS,PLOT,ALL,POLYLINE;HATCH,ICOLD_Bull_120
86,HYD,HYDRO,HYD-SPILLWAY,Aliviadero,5,"0,255,255",0.5,CONTINUOUS,PLOT,ALL,POLYLINE;HATCH,ICOLD_Bull_60
87,ELEC,BESS,ELEC-BESS-RACK,Rack de baterías,7,"0,0,0",0.5,CONTINUOUS,PLOT,ALL,POLYLINE,IEC_62933_5_1
88,ELEC,BESS,ELEC-BESS-PCS,PCS / conversor,6,"255,255,0",0.5,CONTINUOUS,PLOT,ALL,RECT;TEXT,IEC_62933_2_1
89,MECH,BESS,MECH-BESS-HVAC,HVAC del contenedor,5,"0,255,255",0.35,CONTINUOUS,PLOT,ALL,LINE;POLYLINE,NFPA_855_2023
90,FIRE,BESS,FIRE-BESS-DETECTOR,Detectores de gas / humo,2,"255,0,0",0.25,CONTINUOUS,PLOT,ALL,CIRCLE;TEXT,NFPA_855_2023
91,FIRE,BESS,FIRE-BESS-SPRINKLER,Rociadores,2,"255,0,0",0.25,CONTINUOUS,PLOT,ALL,CIRCLE;LINE,NFPA_13_2022
92,PROC,HYDROGEN,PROC-H2-ELECTROLYZER,Electrolizador,7,"0,0,0",0.5,CONTINUOUS,PLOT,ALL,RECT;TEXT,IEC_62282_8_201
93,PROC,HYDROGEN,PROC-H2-COMPRESSOR,Compresor H2,7,"0,0,0",0.5,CONTINUOUS,PLOT,ALL,CIRCLE;RECT;TEXT,ASME_B31_3_2022
94,PROC,HYDROGEN,PROC-H2-STORAGE,Almacenamiento H2,7,"0,0,0",0.5,CONTINUOUS,PLOT,ALL,POLYLINE;HATCH,ASME_BPVC_VIII_1_2023
95,PROC,HYDROGEN,PROC-H2-PIPE-HIGH-PRESSURE,Tubería H2 alta presión,2,"255,0,0",0.5,CONTINUOUS,PLOT,ALL,LINE,ASME_B31_3_2022
96,PROC,HYDROGEN,PROC-H2-VENT,Venteo H2,2,"255,0,0",0.35,DASHED,PLOT,ALL,LINE,NFPA_853_2023
97,PROC,HYDROGEN,PROC-H2-FLARE,Antorcha H2,2,"255,0,0",0.5,CONTINUOUS,PLOT,ALL,POLYLINE,API_521
98,PROC,BIOMASS;BIOGAS,PROC-BIO-BOILER,Caldera,7,"0,0,0",0.5,CONTINUOUS,PLOT,ALL,RECT;POLYLINE,ASME_BPVC_VIII_1_2023
99,PROC,BIOGAS,PROC-BIO-DIGESTER,Digestor anaerobio,7,"0,0,0",0.5,CONTINUOUS,PLOT,ALL,RECT;POLYLINE;HATCH,ISO_22790
100,PROC,BIOGAS,PROC-BIO-GAS-HOLDER,Gasómetro,7,"0,0,0",0.5,CONTINUOUS,PLOT,ALL,CIRCLE;POLYLINE,API_610_2024
101,PROC,BIOMASS;BIOGAS,PROC-BIO-FLARE,Antorcha biogás,2,"255,0,0",0.5,CONTINUOUS,PLOT,ALL,POLYLINE,API_521
102,PROC,BIOGAS,PROC-BIO-PIPE-GAS,Tubería de biogás,4,"0,128,0",0.35,CONTINUOUS,PLOT,ALL,LINE,ASME_B31_3_2022
103,PROC,GEOTHERMAL,PROC-GEO-WELL,Pozo geotérmico,7,"0,0,0",0.5,CONTINUOUS,PLOT,ALL,LINE;POLYLINE,API_610_2024
104,PROC,GEOTHERMAL,PROC-GEO-PIPE-2PHASE,Tubería bifásica,4,"0,128,0",0.5,CONTINUOUS,PLOT,ALL,LINE,ASME_B31_3_2022
105,PROC,GEOTHERMAL,PROC-GEO-SEPARATOR,Separador vapor-salmuera,7,"0,0,0",0.5,CONTINUOUS,PLOT,ALL,CIRCLE;POLYLINE,ASME_BPVC_VIII_1_2023
106,MECH,CSP;SOLAR_THERMAL,MECH-CSP-HELIOSTAT,Heliostatos,6,"255,255,0",0.35,CONTINUOUS,PLOT,ALL,POLYLINE,ISO_9806
107,MECH,CSP;SOLAR_THERMAL,MECH-CSP-RECEIVER,Receptor solar,2,"255,0,0",0.5,CONTINUOUS,PLOT,ALL,POLYLINE,ASHRAE_93
108,MECH,CSP;SOLAR_THERMAL,MECH-CSP-HTF-PIPE,Tubería HTF,2,"255,0,0",0.5,CONTINUOUS,PLOT,ALL,LINE,ASME_B31_1_2022
109,MECH,CSP;SOLAR_THERMAL,MECH-CSP-TES,Almacenamiento térmico,7,"0,0,0",0.5,CONTINUOUS,PLOT,ALL,RECT;POLYLINE,NREL_TES_CSP
110,CIVIL,MARINE,CIV-MAR-ANCHOR,Anclajes marinos,7,"0,0,0",0.5,CONTINUOUS,PLOT,ALL,POLYLINE,DNV_OS_E301
111,CIVIL,MARINE,CIV-MAR-MOORING-LINE,Líneas de amarra,2,"255,0,0",0.35,CONTINUOUS,PLOT,ALL,LINE,DNV_OS_E301
112,ELEC,MARINE;WIND_OFFSHORE,ELEC-MAR-SUBSEA-CABLE,Cable submarino,5,"0,255,255",0.5,CONTINUOUS,PLOT,ALL,LINE;POLYLINE,IEC_TS_62600_30
113,INST,ALL,INST-ALL-INSTRUMENT,Instrumentos,4,"0,128,0",0.25,CONTINUOUS,PLOT,ALL,CIRCLE;TEXT,IEC_61511_1
114,INST,ALL,INST-ALL-CONTROL-LOOP,Lazos de control,4,"0,128,0",0.18,CONTINUOUS,PLOT,ALL,LINE;POLYLINE,IEC_61511_1
115,INST,ALL,INST-ALL-SIGNAL-ANALOG,Señales analógicas,4,"0,128,0",0.18,CONTINUOUS,PLOT,ALL,LINE,IEC_61511_1
116,INST,ALL,INST-ALL-SIGNAL-DIGITAL,Señales digitales,4,"0,128,0",0.18,DASHED,PLOT,ALL,LINE,IEC_61511_1
117,INST,ALL,INST-ALL-JB,Cajas de paso / JB,4,"0,128,0",0.25,CONTINUOUS,PLOT,ALL,RECT;TEXT,IEC_61511_1
118,PROC,ALL,PROC-ALL-PIPE-MAIN,Tubería principal proceso,7,"0,0,0",0.5,CONTINUOUS,PLOT,ALL,LINE,ASME_B31_3_2022
119,PROC,ALL,PROC-ALL-PIPE-AUX,Tubería auxiliar proceso,7,"0,0,0",0.25,CONTINUOUS,PLOT,ALL,LINE,ASME_B31_3_2022
120,PROC,ALL,PROC-ALL-VALVE,Válvulas proceso,3,"0,0,255",0.35,CONTINUOUS,PLOT,ALL,POLYLINE,ISO_14617
121,PROC,ALL,PROC-ALL-PUMP,Bombas proceso,3,"0,0,255",0.5,CONTINUOUS,PLOT,ALL,CIRCLE;POLYLINE;TEXT,API_610_2024
122,PROC,ALL,PROC-ALL-HE,Intercambiadores,3,"0,0,255",0.5,CONTINUOUS,PLOT,ALL,RECT;POLYLINE,ISO_15547_1
123,FIRE,ALL,FIRE-ALL-FIRE-WATER-MAIN,Línea principal agua contra incendios,2,"255,0,0",0.7,CONTINUOUS,PLOT,ALL,LINE,NFPA_20_2022
124,FIRE,ALL,FIRE-ALL-HYDRANT,Hidrantes,2,"255,0,0",0.5,CONTINUOUS,PLOT,ALL,CIRCLE;POLYLINE;TEXT,NFPA_13_2022
125,FIRE,ALL,FIRE-ALL-SPRINKLER,Rociadores,2,"255,0,0",0.25,CONTINUOUS,PLOT,ALL,CIRCLE;LINE,NFPA_13_2022
126,FIRE,ALL,FIRE-ALL-DETECTOR-SMOKE,Detectores de humo,2,"255,0,0",0.25,CONTINUOUS,PLOT,ALL,CIRCLE;TEXT,NFPA_72_2019
127,FIRE,ALL,FIRE-ALL-DETECTOR-HEAT,Detectores de calor,2,"255,0,0",0.25,CONTINUOUS,PLOT,ALL,CIRCLE;TEXT,NFPA_72_2019
128,FIRE,ALL,FIRE-ALL-DETECTOR-GAS,Detectores de gas,2,"255,0,0",0.25,CONTINUOUS,PLOT,ALL,CIRCLE;TEXT,IEC_60079_29_1
129,FIRE,ALL,FIRE-ALL-ESD,Sistema ESD,1,"255,0,0",0.5,CONTINUOUS,PLOT,ALL,POLYLINE;TEXT,IEC_61511_1
130,COMM,ALL,COMM-ALL-FIBER,Fibra óptica,4,"0,128,0",0.25,CONTINUOUS,PLOT,ALL,LINE,IEC_61400_25
131,COMM,ALL,COMM-ALL-RTU,RTU,4,"0,128,0",0.5,CONTINUOUS,PLOT,ALL,RECT;TEXT,IEC_60870-5-104
132,COMM,ALL,COMM-ALL-SCADA-NETWORK,Red SCADA,4,"0,128,0",0.18,CONTINUOUS,PLOT,ALL,LINE,IEC_61400_25
133,GEN,ALL,ENV-ALL-EXCLUSION-ZONE,Zonas de exclusión ambiental,3,"0,0,255",0.18,DASHED,PLOT,ALL,POLYLINE;HATCH,MINAM_DS_019_2009
134,GEN,ALL,ENV-ALL-NOISE-CONTOUR,Contornos de ruido,9,"255,165,0",0.18,CONTINUOUS,PLOT,ALL,POLYLINE,MINAM_DS_019_2009
135,GEN,ALL,ENV-ALL-WETLAND,Humedales,5,"0,255,255",0.35,CONTINUOUS,PLOT,ALL,POLYLINE;HATCH,MINAM_DS_019_2009
136,GEN,ALL,GIS-ALL-CRS-POINT,Puntos con CRS,7,"0,0,0",0.13,CONTINUOUS,NO_PLOT,ALL,POINT;TEXT,ISO_19111
137,GEN,ALL,GIS-ALL-WKT-POLYGON,Polígonos WKT,7,"0,0,0",0.13,CONTINUOUS,NO_PLOT,ALL,POLYLINE,ISO_19111
138,ELEC,HYBRID_MICROGRID,ELEC-MG-POINT-OF-COUPLING,Punto de acoplamiento común,2,"255,0,0",0.7,CONTINUOUS,PLOT,ALL,POLYLINE;TEXT,IEEE_1547_2018
139,ELEC,HYBRID_MICROGRID,ELEC-MG-ISLAND-BREAKER,Breaker de isla,2,"255,0,0",0.5,CONTINUOUS,PLOT,ALL,LINE;TEXT,IEEE_1547_4
140,ELEC,HYBRID_MICROGRID,ELEC-MG-BLACK-START,Black start unit,6,"255,255,0",0.5,CONTINUOUS,PLOT,ALL,RECT;TEXT,IEEE_1547_4
A-ASBLT|A-EQIP|E-GRID,GEN,ALL,A-ASBLT|A-EQIP|E-GRID,Capa A-ASBLT|A-EQIP|E-GRID generada automáticamente para resolver referencias,7,"0,0,0",0.25,CONTINUOUS,PLOT,ALL,LINE;POLYLINE;TEXT;CIRCLE;ARC,ISO_13567_1
A-ASBL|A-CONT|E-GRID|S-FIRE|S-CYBR,GEN,ALL,A-ASBL|A-CONT|E-GRID|S-FIRE|S-CYBR,Capa A-ASBL|A-CONT|E-GRID|S-FIRE|S-CYBR generada automáticamente para resolver referencias,7,"0,0,0",0.25,CONTINUOUS,PLOT,ALL,LINE;POLYLINE;TEXT;CIRCLE;ARC,ISO_13567_1
A-CONT|A-RACK|M-HVAC|S-FIRE,GEN,ALL,A-CONT|A-RACK|M-HVAC|S-FIRE,Capa A-CONT|A-RACK|M-HVAC|S-FIRE generada automáticamente para resolver referencias,7,"0,0,0",0.25,CONTINUOUS,PLOT,ALL,LINE;POLYLINE;TEXT;CIRCLE;ARC,ISO_13567_1
A-IMPL|A-PADS|C-FOUND,GEN,ALL,A-IMPL|A-PADS|C-FOUND,Capa A-IMPL|A-PADS|C-FOUND generada automáticamente para resolver referencias,7,"0,0,0",0.25,CONTINUOUS,PLOT,ALL,LINE;POLYLINE;TEXT;CIRCLE;ARC,ISO_13567_1
A-MODU|A-CELL|E-BUS,GEN,ALL,A-MODU|A-CELL|E-BUS,Capa A-MODU|A-CELL|E-BUS generada automáticamente para resolver referencias,7,"0,0,0",0.25,CONTINUOUS,PLOT,ALL,LINE;POLYLINE;TEXT;CIRCLE;ARC,ISO_13567_1
A-NPLT|A-CONT|A-ROAD|A-FENC|E-GRID,GEN,ALL,A-NPLT|A-CONT|A-ROAD|A-FENC|E-GRID,Capa A-NPLT|A-CONT|A-ROAD|A-FENC|E-GRID generada automáticamente para resolver referencias,7,"0,0,0",0.25,CONTINUOUS,PLOT,ALL,LINE;POLYLINE;TEXT;CIRCLE;ARC,ISO_13567_1
A-NPLT|A-PV|A-WIND|A-BESS|A-PCC|E-GRID,ELEC,BESS,A-NPLT|A-PV|A-WIND|A-BESS|A-PCC|E-GRID,Capa A-NPLT|A-PV|A-WIND|A-BESS|A-PCC|E-GRID generada automáticamente para resolver referencias,7,"0,0,0",0.25,CONTINUOUS,PLOT,ALL,LINE;POLYLINE;TEXT;CIRCLE;ARC,ISO_13567_1
A-RACK|A-MODU|E-BMS,GEN,ALL,A-RACK|A-MODU|E-BMS,Capa A-RACK|A-MODU|E-BMS generada automáticamente para resolver referencias,7,"0,0,0",0.25,CONTINUOUS,PLOT,ALL,LINE;POLYLINE;TEXT;CIRCLE;ARC,ISO_13567_1
As-built stamp,GEN,ALL,As-built stamp,Capa As-built stamp generada automáticamente para resolver referencias,7,"0,0,0",0.25,CONTINUOUS,PLOT,ALL,LINE;POLYLINE;TEXT;CIRCLE;ARC,ISO_13567_1
C-ARCH|C-EMS|C-SCADA,GEN,ALL,C-ARCH|C-EMS|C-SCADA,Capa C-ARCH|C-EMS|C-SCADA generada automáticamente para resolver referencias,7,"0,0,0",0.25,CONTINUOUS,PLOT,ALL,LINE;POLYLINE;TEXT;CIRCLE;ARC,ISO_13567_1
C-CYBER|C-ZONE,GEN,ALL,C-CYBER|C-ZONE,Capa C-CYBER|C-ZONE generada automáticamente para resolver referencias,7,"0,0,0",0.25,CONTINUOUS,PLOT,ALL,LINE;POLYLINE;TEXT;CIRCLE;ARC,ISO_13567_1
C-EMS|C-OPT,GEN,ALL,C-EMS|C-OPT,Capa C-EMS|C-OPT generada automáticamente para resolver referencias,7,"0,0,0",0.25,CONTINUOUS,PLOT,ALL,LINE;POLYLINE;TEXT;CIRCLE;ARC,ISO_13567_1
C-FOUND|C-REBR|C-ANCH,GEN,ALL,C-FOUND|C-REBR|C-ANCH,Capa C-FOUND|C-REBR|C-ANCH generada automáticamente para resolver referencias,7,"0,0,0",0.25,CONTINUOUS,PLOT,ALL,LINE;POLYLINE;TEXT;CIRCLE;ARC,ISO_13567_1
C-SCADA|C-COMM,GEN,ALL,C-SCADA|C-COMM,Capa C-SCADA|C-COMM generada automáticamente para resolver referencias,7,"0,0,0",0.25,CONTINUOUS,PLOT,ALL,LINE;POLYLINE;TEXT;CIRCLE;ARC,ISO_13567_1
CSP-CIV-HELIOSTAT-FIELD,MECH,CSP,CSP-CIV-HELIOSTAT-FIELD,Capa CSP-CIV-HELIOSTAT-FIELD generada automáticamente para resolver referencias,7,"0,0,0",0.25,CONTINUOUS,PLOT,ALL,LINE;POLYLINE;TEXT;CIRCLE;ARC,ISO_13567_1
CSP-CIV-IMPLANT,MECH,CSP,CSP-CIV-IMPLANT,Capa CSP-CIV-IMPLANT generada automáticamente para resolver referencias,7,"0,0,0",0.25,CONTINUOUS,PLOT,ALL,LINE;POLYLINE;TEXT;CIRCLE;ARC,ISO_13567_1
CSP-CIV-SITEPLAN,MECH,CSP,CSP-CIV-SITEPLAN,Capa CSP-CIV-SITEPLAN generada automáticamente para resolver referencias,7,"0,0,0",0.25,CONTINUOUS,PLOT,ALL,LINE;POLYLINE;TEXT;CIRCLE;ARC,ISO_13567_1
CSP-CIV-TROUGH-FIELD,MECH,CSP,CSP-CIV-TROUGH-FIELD,Capa CSP-CIV-TROUGH-FIELD generada automáticamente para resolver referencias,7,"0,0,0",0.25,CONTINUOUS,PLOT,ALL,LINE;POLYLINE;TEXT;CIRCLE;ARC,ISO_13567_1
CSP-CTRL-SCADA,MECH,CSP,CSP-CTRL-SCADA,Capa CSP-CTRL-SCADA generada automáticamente para resolver referencias,7,"0,0,0",0.25,CONTINUOUS,PLOT,ALL,LINE;POLYLINE;TEXT;CIRCLE;ARC,ISO_13567_1
CSP-ELEC-GROUNDING,MECH,CSP,CSP-ELEC-GROUNDING,Capa CSP-ELEC-GROUNDING generada automáticamente para resolver referencias,7,"0,0,0",0.25,CONTINUOUS,PLOT,ALL,LINE;POLYLINE;TEXT;CIRCLE;ARC,ISO_13567_1
CSP-ELEC-SLD,MECH,CSP,CSP-ELEC-SLD,Capa CSP-ELEC-SLD generada automáticamente para resolver referencias,7,"0,0,0",0.25,CONTINUOUS,PLOT,ALL,LINE;POLYLINE;TEXT;CIRCLE;ARC,ISO_13567_1
CSP-FIRE-DETECTION,MECH,CSP,CSP-FIRE-DETECTION,Capa CSP-FIRE-DETECTION generada automáticamente para resolver referencias,7,"0,0,0",0.25,CONTINUOUS,PLOT,ALL,LINE;POLYLINE;TEXT;CIRCLE;ARC,ISO_13567_1
CSP-MECH-TOWER-PLAN,MECH,CSP,CSP-MECH-TOWER-PLAN,Capa CSP-MECH-TOWER-PLAN generada automáticamente para resolver referencias,7,"0,0,0",0.25,CONTINUOUS,PLOT,ALL,LINE;POLYLINE;TEXT;CIRCLE;ARC,ISO_13567_1
CSP-MECH-TOWER-SECTION,MECH,CSP,CSP-MECH-TOWER-SECTION,Capa CSP-MECH-TOWER-SECTION generada automáticamente para resolver referencias,7,"0,0,0",0.25,CONTINUOUS,PLOT,ALL,LINE;POLYLINE;TEXT;CIRCLE;ARC,ISO_13567_1
CSP-MECH-TURBINE-HALL,MECH,CSP,CSP-MECH-TURBINE-HALL,Capa CSP-MECH-TURBINE-HALL generada automáticamente para resolver referencias,7,"0,0,0",0.25,CONTINUOUS,PLOT,ALL,LINE;POLYLINE;TEXT;CIRCLE;ARC,ISO_13567_1
CSP-OPS-MIRROR-WASHING,MECH,CSP,CSP-OPS-MIRROR-WASHING,Capa CSP-OPS-MIRROR-WASHING generada automáticamente para resolver referencias,7,"0,0,0",0.25,CONTINUOUS,PLOT,ALL,LINE;POLYLINE;TEXT;CIRCLE;ARC,ISO_13567_1
CSP-PROC-PFD-HTF,MECH,CSP,CSP-PROC-PFD-HTF,Capa CSP-PROC-PFD-HTF generada automáticamente para resolver referencias,7,"0,0,0",0.25,CONTINUOUS,PLOT,ALL,LINE;POLYLINE;TEXT;CIRCLE;ARC,ISO_13567_1
CSP-PROC-PID-HTF,MECH,CSP,CSP-PROC-PID-HTF,Capa CSP-PROC-PID-HTF generada automáticamente para resolver referencias,7,"0,0,0",0.25,CONTINUOUS,PLOT,ALL,LINE;POLYLINE;TEXT;CIRCLE;ARC,ISO_13567_1
CSP-PROC-PID-STEAM,MECH,CSP,CSP-PROC-PID-STEAM,Capa CSP-PROC-PID-STEAM generada automáticamente para resolver referencias,7,"0,0,0",0.25,CONTINUOUS,PLOT,ALL,LINE;POLYLINE;TEXT;CIRCLE;ARC,ISO_13567_1
CSP-PROC-PID-TES,MECH,CSP,CSP-PROC-PID-TES,Capa CSP-PROC-PID-TES generada automáticamente para resolver referencias,7,"0,0,0",0.25,CONTINUOUS,PLOT,ALL,LINE;POLYLINE;TEXT;CIRCLE;ARC,ISO_13567_1
E-ACSL|E-ACBK|E-REL|E-MTR,GEN,ALL,E-ACSL|E-ACBK|E-REL|E-MTR,Capa E-ACSL|E-ACBK|E-REL|E-MTR generada automáticamente para resolver referencias,7,"0,0,0",0.25,CONTINUOUS,PLOT,ALL,LINE;POLYLINE;TEXT;CIRCLE;ARC,ISO_13567_1
E-ACSL|E-DCSL|E-PROT|E-METER,GEN,ALL,E-ACSL|E-DCSL|E-PROT|E-METER,Capa E-ACSL|E-DCSL|E-PROT|E-METER generada automáticamente para resolver referencias,7,"0,0,0",0.25,CONTINUOUS,PLOT,ALL,LINE;POLYLINE;TEXT;CIRCLE;ARC,ISO_13567_1
E-BESS-DC|E-BESS-AC,ELEC,BESS,E-BESS-DC|E-BESS-AC,Capa E-BESS-DC|E-BESS-AC generada automáticamente para resolver referencias,7,"0,0,0",0.25,CONTINUOUS,PLOT,ALL,LINE;POLYLINE;TEXT;CIRCLE;ARC,ISO_13567_1
E-CTRL|E-NETW|E-SCADA,GEN,ALL,E-CTRL|E-NETW|E-SCADA,Capa E-CTRL|E-NETW|E-SCADA generada automáticamente para resolver referencias,7,"0,0,0",0.25,CONTINUOUS,PLOT,ALL,LINE;POLYLINE;TEXT;CIRCLE;ARC,ISO_13567_1
E-CYBR|E-ZONE,GEN,ALL,E-CYBR|E-ZONE,Capa E-CYBR|E-ZONE generada automáticamente para resolver referencias,7,"0,0,0",0.25,CONTINUOUS,PLOT,ALL,LINE;POLYLINE;TEXT;CIRCLE;ARC,ISO_13567_1
E-DCSL|E-DCBK|E-DCCT,GEN,ALL,E-DCSL|E-DCBK|E-DCCT,Capa E-DCSL|E-DCBK|E-DCCT generada automáticamente para resolver referencias,7,"0,0,0",0.25,CONTINUOUS,PLOT,ALL,LINE;POLYLINE;TEXT;CIRCLE;ARC,ISO_13567_1
E-DR|E-EV|E-METER,GEN,ALL,E-DR|E-EV|E-METER,Capa E-DR|E-EV|E-METER generada automáticamente para resolver referencias,7,"0,0,0",0.25,CONTINUOUS,PLOT,ALL,LINE;POLYLINE;TEXT;CIRCLE;ARC,ISO_13567_1
E-GRID|E-GND|E-LTG,GEN,ALL,E-GRID|E-GND|E-LTG,Capa E-GRID|E-GND|E-LTG generada automáticamente para resolver referencias,7,"0,0,0",0.25,CONTINUOUS,PLOT,ALL,LINE;POLYLINE;TEXT;CIRCLE;ARC,ISO_13567_1
E-GRID|E-LTGN,GEN,ALL,E-GRID|E-LTGN,Capa E-GRID|E-LTGN generada automáticamente para resolver referencias,7,"0,0,0",0.25,CONTINUOUS,PLOT,ALL,LINE;POLYLINE;TEXT;CIRCLE;ARC,ISO_13567_1
E-HYDRO-AC,HYD,HYDRO,E-HYDRO-AC,Capa E-HYDRO-AC generada automáticamente para resolver referencias,7,"0,0,0",0.25,CONTINUOUS,PLOT,ALL,LINE;POLYLINE;TEXT;CIRCLE;ARC,ISO_13567_1
E-NETW|E-PROT,GEN,ALL,E-NETW|E-PROT,Capa E-NETW|E-PROT generada automáticamente para resolver referencias,7,"0,0,0",0.25,CONTINUOUS,PLOT,ALL,LINE;POLYLINE;TEXT;CIRCLE;ARC,ISO_13567_1
E-PCC|E-SYNC|E-AISL,GEN,ALL,E-PCC|E-SYNC|E-AISL,Capa E-PCC|E-SYNC|E-AISL generada automáticamente para resolver referencias,7,"0,0,0",0.25,CONTINUOUS,PLOT,ALL,LINE;POLYLINE;TEXT;CIRCLE;ARC,ISO_13567_1
E-PROT|E-RELAY,GEN,ALL,E-PROT|E-RELAY,Capa E-PROT|E-RELAY generada automáticamente para resolver referencias,7,"0,0,0",0.25,CONTINUOUS,PLOT,ALL,LINE;POLYLINE;TEXT;CIRCLE;ARC,ISO_13567_1
E-PV-DC|E-PV-AC,GEN,ALL,E-PV-DC|E-PV-AC,Capa E-PV-DC|E-PV-AC generada automáticamente para resolver referencias,7,"0,0,0",0.25,CONTINUOUS,PLOT,ALL,LINE;POLYLINE;TEXT;CIRCLE;ARC,ISO_13567_1
E-WIND-AC,GEN,ALL,E-WIND-AC,Capa E-WIND-AC generada automáticamente para resolver referencias,7,"0,0,0",0.25,CONTINUOUS,PLOT,ALL,LINE;POLYLINE;TEXT;CIRCLE;ARC,ISO_13567_1
GEN-ALL-ASBUILT,GEN,ALL,GEN-ALL-ASBUILT,Capa GEN-ALL-ASBUILT generada automáticamente para resolver referencias,7,"0,0,0",0.25,CONTINUOUS,PLOT,ALL,LINE;POLYLINE;TEXT;CIRCLE;ARC,ISO_13567_1
GEO-CIV-IMPLANT,PROC,GEOTHERMAL,GEO-CIV-IMPLANT,Capa GEO-CIV-IMPLANT generada automáticamente para resolver referencias,7,"0,0,0",0.25,CONTINUOUS,PLOT,ALL,LINE;POLYLINE;TEXT;CIRCLE;ARC,ISO_13567_1
GEO-CIV-SITEPLAN,PROC,GEOTHERMAL,GEO-CIV-SITEPLAN,Capa GEO-CIV-SITEPLAN generada automáticamente para resolver referencias,7,"0,0,0",0.25,CONTINUOUS,PLOT,ALL,LINE;POLYLINE;TEXT;CIRCLE;ARC,ISO_13567_1
GEO-CIV-WELLS,PROC,GEOTHERMAL,GEO-CIV-WELLS,Capa GEO-CIV-WELLS generada automáticamente para resolver referencias,7,"0,0,0",0.25,CONTINUOUS,PLOT,ALL,LINE;POLYLINE;TEXT;CIRCLE;ARC,ISO_13567_1
GEO-CTRL-SCADA,PROC,GEOTHERMAL,GEO-CTRL-SCADA,Capa GEO-CTRL-SCADA generada automáticamente para resolver referencias,7,"0,0,0",0.25,CONTINUOUS,PLOT,ALL,LINE;POLYLINE;TEXT;CIRCLE;ARC,ISO_13567_1
GEO-ELEC-SLD,PROC,GEOTHERMAL,GEO-ELEC-SLD,Capa GEO-ELEC-SLD generada automáticamente para resolver referencias,7,"0,0,0",0.25,CONTINUOUS,PLOT,ALL,LINE;POLYLINE;TEXT;CIRCLE;ARC,ISO_13567_1
GEO-FIRE-DETECTION,PROC,GEOTHERMAL,GEO-FIRE-DETECTION,Capa GEO-FIRE-DETECTION generada automáticamente para resolver referencias,7,"0,0,0",0.25,CONTINUOUS,PLOT,ALL,LINE;POLYLINE;TEXT;CIRCLE;ARC,ISO_13567_1
GEO-MECH-CONDENSER,PROC,GEOTHERMAL,GEO-MECH-CONDENSER,Capa GEO-MECH-CONDENSER generada automáticamente para resolver referencias,7,"0,0,0",0.25,CONTINUOUS,PLOT,ALL,LINE;POLYLINE;TEXT;CIRCLE;ARC,ISO_13567_1
GEO-MECH-ORC,PROC,GEOTHERMAL,GEO-MECH-ORC,Capa GEO-MECH-ORC generada automáticamente para resolver referencias,7,"0,0,0",0.25,CONTINUOUS,PLOT,ALL,LINE;POLYLINE;TEXT;CIRCLE;ARC,ISO_13567_1
GEO-MECH-SEPARATOR,PROC,GEOTHERMAL,GEO-MECH-SEPARATOR,Capa GEO-MECH-SEPARATOR generada automáticamente para resolver referencias,7,"0,0,0",0.25,CONTINUOUS,PLOT,ALL,LINE;POLYLINE;TEXT;CIRCLE;ARC,ISO_13567_1
GEO-MECH-TURBINE,PROC,GEOTHERMAL,GEO-MECH-TURBINE,Capa GEO-MECH-TURBINE generada automáticamente para resolver referencias,7,"0,0,0",0.25,CONTINUOUS,PLOT,ALL,LINE;POLYLINE;TEXT;CIRCLE;ARC,ISO_13567_1
GEO-MECH-TURBINE-SECTION,PROC,GEOTHERMAL,GEO-MECH-TURBINE-SECTION,Capa GEO-MECH-TURBINE-SECTION generada automáticamente para resolver referencias,7,"0,0,0",0.25,CONTINUOUS,PLOT,ALL,LINE;POLYLINE;TEXT;CIRCLE;ARC,ISO_13567_1
GEO-PIPING-GATHERING,PROC,GEOTHERMAL,GEO-PIPING-GATHERING,Capa GEO-PIPING-GATHERING generada automáticamente para resolver referencias,7,"0,0,0",0.25,CONTINUOUS,PLOT,ALL,LINE;POLYLINE;TEXT;CIRCLE;ARC,ISO_13567_1
GEO-PIPING-PROFILE,PROC,GEOTHERMAL,GEO-PIPING-PROFILE,Capa GEO-PIPING-PROFILE generada automáticamente para resolver referencias,7,"0,0,0",0.25,CONTINUOUS,PLOT,ALL,LINE;POLYLINE;TEXT;CIRCLE;ARC,ISO_13567_1
GEO-PROC-AREA-CLASS,PROC,GEOTHERMAL,GEO-PROC-AREA-CLASS,Capa GEO-PROC-AREA-CLASS generada automáticamente para resolver referencias,7,"0,0,0",0.25,CONTINUOUS,PLOT,ALL,LINE;POLYLINE;TEXT;CIRCLE;ARC,ISO_13567_1
GEO-PROC-NCG,PROC,GEOTHERMAL,GEO-PROC-NCG,Capa GEO-PROC-NCG generada automáticamente para resolver referencias,7,"0,0,0",0.25,CONTINUOUS,PLOT,ALL,LINE;POLYLINE;TEXT;CIRCLE;ARC,ISO_13567_1
GEO-PROC-PID-SEP,PROC,GEOTHERMAL,GEO-PROC-PID-SEP,Capa GEO-PROC-PID-SEP generada automáticamente para resolver referencias,7,"0,0,0",0.25,CONTINUOUS,PLOT,ALL,LINE;POLYLINE;TEXT;CIRCLE;ARC,ISO_13567_1
HYD-CIV-ASBUILT,HYD,HYDRO,HYD-CIV-ASBUILT,Capa HYD-CIV-ASBUILT generada automáticamente para resolver referencias,7,"0,0,0",0.25,CONTINUOUS,PLOT,ALL,LINE;POLYLINE;TEXT;CIRCLE;ARC,ISO_13567_1
HYD-CIV-CANAL,HYD,HYDRO,HYD-CIV-CANAL,Capa HYD-CIV-CANAL generada automáticamente para resolver referencias,7,"0,0,0",0.25,CONTINUOUS,PLOT,ALL,LINE;POLYLINE;TEXT;CIRCLE;ARC,ISO_13567_1
HYD-CIV-CUENCA,HYD,HYDRO,HYD-CIV-CUENCA,Capa HYD-CIV-CUENCA generada automáticamente para resolver referencias,7,"0,0,0",0.25,CONTINUOUS,PLOT,ALL,LINE;POLYLINE;TEXT;CIRCLE;ARC,ISO_13567_1
HYD-CIV-INTAKE,HYD,HYDRO,HYD-CIV-INTAKE,Capa HYD-CIV-INTAKE generada automáticamente para resolver referencias,7,"0,0,0",0.25,CONTINUOUS,PLOT,ALL,LINE;POLYLINE;TEXT;CIRCLE;ARC,ISO_13567_1
HYD-CIV-PENSTOCK,HYD,HYDRO,HYD-CIV-PENSTOCK,Capa HYD-CIV-PENSTOCK generada automáticamente para resolver referencias,7,"0,0,0",0.25,CONTINUOUS,PLOT,ALL,LINE;POLYLINE;TEXT;CIRCLE;ARC,ISO_13567_1
HYD-CIV-POWERHOUSE,HYD,HYDRO,HYD-CIV-POWERHOUSE,Capa HYD-CIV-POWERHOUSE generada automáticamente para resolver referencias,7,"0,0,0",0.25,CONTINUOUS,PLOT,ALL,LINE;POLYLINE;TEXT;CIRCLE;ARC,ISO_13567_1
HYD-CIV-SITEPLAN,HYD,HYDRO,HYD-CIV-SITEPLAN,Capa HYD-CIV-SITEPLAN generada automáticamente para resolver referencias,7,"0,0,0",0.25,CONTINUOUS,PLOT,ALL,LINE;POLYLINE;TEXT;CIRCLE;ARC,ISO_13567_1
HYD-CIV-SPILLWAY,HYD,HYDRO,HYD-CIV-SPILLWAY,Capa HYD-CIV-SPILLWAY generada automáticamente para resolver referencias,7,"0,0,0",0.25,CONTINUOUS,PLOT,ALL,LINE;POLYLINE;TEXT;CIRCLE;ARC,ISO_13567_1
HYD-CIV-TAILRACE,HYD,HYDRO,HYD-CIV-TAILRACE,Capa HYD-CIV-TAILRACE generada automáticamente para resolver referencias,7,"0,0,0",0.25,CONTINUOUS,PLOT,ALL,LINE;POLYLINE;TEXT;CIRCLE;ARC,ISO_13567_1
HYD-ELEC-CONTROL,HYD,HYDRO,HYD-ELEC-CONTROL,Capa HYD-ELEC-CONTROL generada automáticamente para resolver referencias,7,"0,0,0",0.25,CONTINUOUS,PLOT,ALL,LINE;POLYLINE;TEXT;CIRCLE;ARC,ISO_13567_1
HYD-ELEC-GENERATOR,HYD,HYDRO,HYD-ELEC-GENERATOR,Capa HYD-ELEC-GENERATOR generada automáticamente para resolver referencias,7,"0,0,0",0.25,CONTINUOUS,PLOT,ALL,LINE;POLYLINE;TEXT;CIRCLE;ARC,ISO_13567_1
HYD-ELEC-GROUND,HYD,HYDRO,HYD-ELEC-GROUND,Capa HYD-ELEC-GROUND generada automáticamente para resolver referencias,7,"0,0,0",0.25,CONTINUOUS,PLOT,ALL,LINE;POLYLINE;TEXT;CIRCLE;ARC,ISO_13567_1
HYD-ELEC-SLD,HYD,HYDRO,HYD-ELEC-SLD,Capa HYD-ELEC-SLD generada automáticamente para resolver referencias,7,"0,0,0",0.25,CONTINUOUS,PLOT,ALL,LINE;POLYLINE;TEXT;CIRCLE;ARC,ISO_13567_1
HYD-MECH-TURBINE,HYD,HYDRO,HYD-MECH-TURBINE,Capa HYD-MECH-TURBINE generada automáticamente para resolver referencias,7,"0,0,0",0.25,CONTINUOUS,PLOT,ALL,LINE;POLYLINE;TEXT;CIRCLE;ARC,ISO_13567_1
M-HVAC|M-DUCT|M-FAN,GEN,ALL,M-HVAC|M-DUCT|M-FAN,Capa M-HVAC|M-DUCT|M-FAN generada automáticamente para resolver referencias,7,"0,0,0",0.25,CONTINUOUS,PLOT,ALL,LINE;POLYLINE;TEXT;CIRCLE;ARC,ISO_13567_1
MAR-CIV-ASBUILT,CIVIL,MARINE,MAR-CIV-ASBUILT,Capa MAR-CIV-ASBUILT generada automáticamente para resolver referencias,7,"0,0,0",0.25,CONTINUOUS,PLOT,ALL,LINE;POLYLINE;TEXT;CIRCLE;ARC,ISO_13567_1
MAR-CIV-BATHY,CIVIL,MARINE,MAR-CIV-BATHY,Capa MAR-CIV-BATHY generada automáticamente para resolver referencias,7,"0,0,0",0.25,CONTINUOUS,PLOT,ALL,LINE;POLYLINE;TEXT;CIRCLE;ARC,ISO_13567_1
MAR-CIV-DEVICE,CIVIL,MARINE,MAR-CIV-DEVICE,Capa MAR-CIV-DEVICE generada automáticamente para resolver referencias,7,"0,0,0",0.25,CONTINUOUS,PLOT,ALL,LINE;POLYLINE;TEXT;CIRCLE;ARC,ISO_13567_1
MAR-CIV-FOUNDATION,CIVIL,MARINE,MAR-CIV-FOUNDATION,Capa MAR-CIV-FOUNDATION generada automáticamente para resolver referencias,7,"0,0,0",0.25,CONTINUOUS,PLOT,ALL,LINE;POLYLINE;TEXT;CIRCLE;ARC,ISO_13567_1
MAR-CIV-LANDFALL,CIVIL,MARINE,MAR-CIV-LANDFALL,Capa MAR-CIV-LANDFALL generada automáticamente para resolver referencias,7,"0,0,0",0.25,CONTINUOUS,PLOT,ALL,LINE;POLYLINE;TEXT;CIRCLE;ARC,ISO_13567_1
MAR-CIV-MOORING,CIVIL,MARINE,MAR-CIV-MOORING,Capa MAR-CIV-MOORING generada automáticamente para resolver referencias,7,"0,0,0",0.25,CONTINUOUS,PLOT,ALL,LINE;POLYLINE;TEXT;CIRCLE;ARC,ISO_13567_1
MAR-CIV-SITE,CIVIL,MARINE,MAR-CIV-SITE,Capa MAR-CIV-SITE generada automáticamente para resolver referencias,7,"0,0,0",0.25,CONTINUOUS,PLOT,ALL,LINE;POLYLINE;TEXT;CIRCLE;ARC,ISO_13567_1
MAR-CTRL-SCADA,CIVIL,MARINE,MAR-CTRL-SCADA,Capa MAR-CTRL-SCADA generada automáticamente para resolver referencias,7,"0,0,0",0.25,CONTINUOUS,PLOT,ALL,LINE;POLYLINE;TEXT;CIRCLE;ARC,ISO_13567_1
MAR-ELEC-CABLE,CIVIL,MARINE,MAR-ELEC-CABLE,Capa MAR-ELEC-CABLE generada automáticamente para resolver referencias,7,"0,0,0",0.25,CONTINUOUS,PLOT,ALL,LINE;POLYLINE;TEXT;CIRCLE;ARC,ISO_13567_1
MAR-ELEC-DYN-CABLE,CIVIL,MARINE,MAR-ELEC-DYN-CABLE,Capa MAR-ELEC-DYN-CABLE generada automáticamente para resolver referencias,7,"0,0,0",0.25,CONTINUOUS,PLOT,ALL,LINE;POLYLINE;TEXT;CIRCLE;ARC,ISO_13567_1
MAR-ELEC-EXPORT,CIVIL,MARINE,MAR-ELEC-EXPORT,Capa MAR-ELEC-EXPORT generada automáticamente para resolver referencias,7,"0,0,0",0.25,CONTINUOUS,PLOT,ALL,LINE;POLYLINE;TEXT;CIRCLE;ARC,ISO_13567_1
MAR-ELEC-SLD,CIVIL,MARINE,MAR-ELEC-SLD,Capa MAR-ELEC-SLD generada automáticamente para resolver referencias,7,"0,0,0",0.25,CONTINUOUS,PLOT,ALL,LINE;POLYLINE;TEXT;CIRCLE;ARC,ISO_13567_1
MAR-ELEC-SUBSTATION,CIVIL,MARINE,MAR-ELEC-SUBSTATION,Capa MAR-ELEC-SUBSTATION generada automáticamente para resolver referencias,7,"0,0,0",0.25,CONTINUOUS,PLOT,ALL,LINE;POLYLINE;TEXT;CIRCLE;ARC,ISO_13567_1
MAR-ENV-EXCLUSION,CIVIL,MARINE,MAR-ENV-EXCLUSION,Capa MAR-ENV-EXCLUSION generada automáticamente para resolver referencias,7,"0,0,0",0.25,CONTINUOUS,PLOT,ALL,LINE;POLYLINE;TEXT;CIRCLE;ARC,ISO_13567_1
MAR-NAV-CORRIDOR,CIVIL,MARINE,MAR-NAV-CORRIDOR,Capa MAR-NAV-CORRIDOR generada automáticamente para resolver referencias,7,"0,0,0",0.25,CONTINUOUS,PLOT,ALL,LINE;POLYLINE;TEXT;CIRCLE;ARC,ISO_13567_1
MAR-PROC-OTEC,CIVIL,MARINE,MAR-PROC-OTEC,Capa MAR-PROC-OTEC generada automáticamente para resolver referencias,7,"0,0,0",0.25,CONTINUOUS,PLOT,ALL,LINE;POLYLINE;TEXT;CIRCLE;ARC,ISO_13567_1
MECH-ALL-WT-TOWER,PROC,HYDROGEN,MECH-ALL-WT-TOWER,Capa MECH-ALL-WT-TOWER generada automáticamente para resolver referencias,7,"0,0,0",0.25,CONTINUOUS,PLOT,ALL,LINE;POLYLINE;TEXT;CIRCLE;ARC,ISO_13567_1
P-BIO|P-GAS|P-GEOTH|S-AEx,PROC,BIOMASS,P-BIO|P-GAS|P-GEOTH|S-AEx,Capa P-BIO|P-GAS|P-GEOTH|S-AEx generada automáticamente para resolver referencias,7,"0,0,0",0.25,CONTINUOUS,PLOT,ALL,LINE;POLYLINE;TEXT;CIRCLE;ARC,ISO_13567_1
PVG-CIV-FENCE,CIVIL,PV_GROUND,PVG-CIV-FENCE,Capa PVG-CIV-FENCE generada automáticamente para resolver referencias,7,"0,0,0",0.25,CONTINUOUS,PLOT,ALL,LINE;POLYLINE;TEXT;CIRCLE;ARC,ISO_13567_1
PVG-CIV-FOUNDATION,CIVIL,PV_GROUND,PVG-CIV-FOUNDATION,Capa PVG-CIV-FOUNDATION generada automáticamente para resolver referencias,7,"0,0,0",0.25,CONTINUOUS,PLOT,ALL,LINE;POLYLINE;TEXT;CIRCLE;ARC,ISO_13567_1
PVG-CIV-IMPLANT,CIVIL,PV_GROUND,PVG-CIV-IMPLANT,Capa PVG-CIV-IMPLANT generada automáticamente para resolver referencias,7,"0,0,0",0.25,CONTINUOUS,PLOT,ALL,LINE;POLYLINE;TEXT;CIRCLE;ARC,ISO_13567_1
PVG-CIV-REPLANT,CIVIL,PV_GROUND,PVG-CIV-REPLANT,Capa PVG-CIV-REPLANT generada automáticamente para resolver referencias,7,"0,0,0",0.25,CONTINUOUS,PLOT,ALL,LINE;POLYLINE;TEXT;CIRCLE;ARC,ISO_13567_1
PVG-CIV-ROAD,CIVIL,PV_GROUND,PVG-CIV-ROAD,Capa PVG-CIV-ROAD generada automáticamente para resolver referencias,7,"0,0,0",0.25,CONTINUOUS,PLOT,ALL,LINE;POLYLINE;TEXT;CIRCLE;ARC,ISO_13567_1
PVG-CIV-SECTION,CIVIL,PV_GROUND,PVG-CIV-SECTION,Capa PVG-CIV-SECTION generada automáticamente para resolver referencias,7,"0,0,0",0.25,CONTINUOUS,PLOT,ALL,LINE;POLYLINE;TEXT;CIRCLE;ARC,ISO_13567_1
PVG-CIV-SITEPLAN,CIVIL,PV_GROUND,PVG-CIV-SITEPLAN,Capa PVG-CIV-SITEPLAN generada automáticamente para resolver referencias,7,"0,0,0",0.25,CONTINUOUS,PLOT,ALL,LINE;POLYLINE;TEXT;CIRCLE;ARC,ISO_13567_1
PVG-CIV-TRENCH,CIVIL,PV_GROUND,PVG-CIV-TRENCH,Capa PVG-CIV-TRENCH generada automáticamente para resolver referencias,7,"0,0,0",0.25,CONTINUOUS,PLOT,ALL,LINE;POLYLINE;TEXT;CIRCLE;ARC,ISO_13567_1
PVG-CTRL-SCADA,CIVIL,PV_GROUND,PVG-CTRL-SCADA,Capa PVG-CTRL-SCADA generada automáticamente para resolver referencias,7,"0,0,0",0.25,CONTINUOUS,PLOT,ALL,LINE;POLYLINE;TEXT;CIRCLE;ARC,ISO_13567_1
PVG-ELEC-AC-COLLECTION,CIVIL,PV_GROUND,PVG-ELEC-AC-COLLECTION,Capa PVG-ELEC-AC-COLLECTION generada automáticamente para resolver referencias,7,"0,0,0",0.25,CONTINUOUS,PLOT,ALL,LINE;POLYLINE;TEXT;CIRCLE;ARC,ISO_13567_1
PVG-ELEC-ARRAY,CIVIL,PV_GROUND,PVG-ELEC-ARRAY,Capa PVG-ELEC-ARRAY generada automáticamente para resolver referencias,7,"0,0,0",0.25,CONTINUOUS,PLOT,ALL,LINE;POLYLINE;TEXT;CIRCLE;ARC,ISO_13567_1
PVG-ELEC-DC-COLLECTION,CIVIL,PV_GROUND,PVG-ELEC-DC-COLLECTION,Capa PVG-ELEC-DC-COLLECTION generada automáticamente para resolver referencias,7,"0,0,0",0.25,CONTINUOUS,PLOT,ALL,LINE;POLYLINE;TEXT;CIRCLE;ARC,ISO_13567_1
PVG-ELEC-GROUNDING,CIVIL,PV_GROUND,PVG-ELEC-GROUNDING,Capa PVG-ELEC-GROUNDING generada automáticamente para resolver referencias,7,"0,0,0",0.25,CONTINUOUS,PLOT,ALL,LINE;POLYLINE;TEXT;CIRCLE;ARC,ISO_13567_1
PVG-ELEC-SLD,CIVIL,PV_GROUND,PVG-ELEC-SLD,Capa PVG-ELEC-SLD generada automáticamente para resolver referencias,7,"0,0,0",0.25,CONTINUOUS,PLOT,ALL,LINE;POLYLINE;TEXT;CIRCLE;ARC,ISO_13567_1
PVG-ELEC-STRING,CIVIL,PV_GROUND,PVG-ELEC-STRING,Capa PVG-ELEC-STRING generada automáticamente para resolver referencias,7,"0,0,0",0.25,CONTINUOUS,PLOT,ALL,LINE;POLYLINE;TEXT;CIRCLE;ARC,ISO_13567_1
PVG-FIRE-DETECTION,CIVIL,PV_GROUND,PVG-FIRE-DETECTION,Capa PVG-FIRE-DETECTION generada automáticamente para resolver referencias,7,"0,0,0",0.25,CONTINUOUS,PLOT,ALL,LINE;POLYLINE;TEXT;CIRCLE;ARC,ISO_13567_1
PVG-MECH-STRUCTURE,CIVIL,PV_GROUND,PVG-MECH-STRUCTURE,Capa PVG-MECH-STRUCTURE generada automáticamente para resolver referencias,7,"0,0,0",0.25,CONTINUOUS,PLOT,ALL,LINE;POLYLINE;TEXT;CIRCLE;ARC,ISO_13567_1
PVG-MECH-TRACKER,CIVIL,PV_GROUND,PVG-MECH-TRACKER,Capa PVG-MECH-TRACKER generada automáticamente para resolver referencias,7,"0,0,0",0.25,CONTINUOUS,PLOT,ALL,LINE;POLYLINE;TEXT;CIRCLE;ARC,ISO_13567_1
S-AREA|S-ZONE,GEN,ALL,S-AREA|S-ZONE,Capa S-AREA|S-ZONE generada automáticamente para resolver referencias,7,"0,0,0",0.25,CONTINUOUS,PLOT,ALL,LINE;POLYLINE;TEXT;CIRCLE;ARC,ISO_13567_1
S-FIRE|S-FLWD|S-DET,GEN,ALL,S-FIRE|S-FLWD|S-DET,Capa S-FIRE|S-FLWD|S-DET generada automáticamente para resolver referencias,7,"0,0,0",0.25,CONTINUOUS,PLOT,ALL,LINE;POLYLINE;TEXT;CIRCLE;ARC,ISO_13567_1
S-GDET|S-SDET,GEN,ALL,S-GDET|S-SDET,Capa S-GDET|S-SDET generada automáticamente para resolver referencias,7,"0,0,0",0.25,CONTINUOUS,PLOT,ALL,LINE;POLYLINE;TEXT;CIRCLE;ARC,ISO_13567_1
C-SCADA,INST,ALL,C-SCADA,Capa de comunicación SCADA,4,"0,128,0",0.25,CONTINUOUS,PLOT,ALL,LINE;POLYLINE;TEXT,IEC_61511_1
C-COMM,COMM,ALL,C-COMM,Capa de comunicaciones de red,4,"0,128,0",0.25,CONTINUOUS,PLOT,ALL,LINE;POLYLINE;TEXT,IEC_61511_1
