"field_id","language","synonyms","abbreviations","expected_units","document_types","section_names","table_header_patterns","regex_candidates","positive_context","negative_context","normalization_rule","plausibility_rule","requires_ocr","requires_vision","requires_llm","human_review_condition"
"MG-001","es","Nombre del proyecto microrred|Nombre_del_proyecto_microrred","MG-001","","datasheet;memoria;certificado;contrato;estudio","project;general","Nombre del proyecto microrred","(?i)Nombre\ del\ proyecto\ microrred","project;Nombre del proyecto microrred","no Nombre del proyecto microrred","normalize_string_0","min=0 max=0 unit=","YES","NO","YES","value_outside_plausibility OR source_not_listed"
"MG-002","es","Latitud del sitio|Latitud_del_sitio","MG-002","deg","datasheet;memoria;certificado;contrato;estudio","project;general","Latitud del sitio","(?i)Latitud\ del\ sitio","project;Latitud del sitio","no Latitud del sitio","normalize_float_6","min=-90.0 max=90.0 unit=deg","NO","NO","NO","value_outside_plausibility OR source_not_listed"
"MG-003","es","Longitud del sitio|Longitud_del_sitio","MG-003","deg","datasheet;memoria;certificado;contrato;estudio","project;general","Longitud del sitio","(?i)Longitud\ del\ sitio","project;Longitud del sitio","no Longitud del sitio","normalize_float_6","min=-180.0 max=180.0 unit=deg","NO","NO","NO","value_outside_plausibility OR source_not_listed"
"MG-004","es","Modo de operacion de la microrred|Modo_de_operacion_de_la_microrred","MG-004","","datasheet;memoria;certificado;contrato;estudio","site;general","Modo de operacion de la microrred","(?i)Modo\ de\ operacion\ de\ la\ microrred","site;Modo de operacion de la microrred","no Modo de operacion de la microrred","normalize_enum_0","min= max=0 unit=","NO","YES","YES","value_outside_plausibility OR source_not_listed"
"MG-005","es","Carga sismica horizontal (PGA)|Carga_sismica_horizontal_(PGA)","MG-005","g","datasheet;memoria;certificado;contrato;estudio","site;general","Carga sismica horizontal (PGA)","(?i)Carga\ sismica\ horizontal\ \(PGA\)","site;Carga sismica horizontal (PGA)","no Carga sismica horizontal (PGA)","normalize_float_3","min=0.05 max=1.0 unit=g","NO","NO","NO","value_outside_plausibility OR source_not_listed"
"MG-006","es","Temperatura ambiente minima de diseno|Temperatura_ambiente_minima_de_diseno","MG-006","degC","datasheet;memoria;certificado;contrato;estudio","site;general","Temperatura ambiente minima de diseno","(?i)Temperatura\ ambiente\ minima\ de\ diseno","site;Temperatura ambiente minima de diseno","no Temperatura ambiente minima de diseno","normalize_float_1","min=-50.0 max=55.0 unit=degC","NO","NO","NO","value_outside_plausibility OR source_not_listed"
"MG-007","es","Temperatura ambiente maxima de diseno|Temperatura_ambiente_maxima_de_diseno","MG-007","degC","datasheet;memoria;certificado;contrato;estudio","site;general","Temperatura ambiente maxima de diseno","(?i)Temperatura\ ambiente\ maxima\ de\ diseno","site;Temperatura ambiente maxima de diseno","no Temperatura ambiente maxima de diseno","normalize_float_1","min=-50.0 max=55.0 unit=degC","NO","NO","NO","value_outside_plausibility OR source_not_listed"
"MG-008","es","Tipo de emplazamiento|Tipo_de_emplazamiento","MG-008","","datasheet;memoria;certificado;contrato;estudio","site;general","Tipo de emplazamiento","(?i)Tipo\ de\ emplazamiento","site;Tipo de emplazamiento","no Tipo de emplazamiento","normalize_enum_0","min= max=0 unit=","NO","YES","YES","value_outside_plausibility OR source_not_listed"
"MG-009","es","Jurisdiccion del proyecto|Jurisdiccion_del_proyecto","MG-009","","datasheet;memoria;certificado;contrato;estudio","project;general","Jurisdiccion del proyecto","(?i)Jurisdiccion\ del\ proyecto","project;Jurisdiccion del proyecto","no Jurisdiccion del proyecto","normalize_enum_0","min= max=0 unit=","NO","YES","YES","value_outside_plausibility OR source_not_listed"
"MG-010","es","Resistividad del suelo (ohm-m)|Resistividad_del_suelo_(ohm-m)","MG-010","ohm-m","datasheet;memoria;certificado;contrato;estudio","site;general","Resistividad del suelo (ohm-m)","(?i)Resistividad\ del\ suelo\ \(ohm\-m\)","site;Resistividad del suelo (ohm-m)","no Resistividad del suelo (ohm-m)","normalize_float_1","min=1.0 max=10000.0 unit=ohm-m","NO","NO","NO","value_outside_plausibility OR source_not_listed"
"MG-011","es","Irradiancia global horizontal (GHI)|Irradiancia_global_horizontal_(GHI)","MG-011","kWh/m2/day","datasheet;memoria;certificado;contrato;estudio","resource;general","Irradiancia global horizontal (GHI)","(?i)Irradiancia\ global\ horizontal\ \(GHI\)","resource;Irradiancia global horizontal (GHI)","no Irradiancia global horizontal (GHI)","normalize_float_2","min=1.0 max=8.0 unit=kWh/m2/day","NO","NO","NO","value_outside_plausibility OR source_not_listed"
"MG-012","es","Velocidad media de viento a altura de buje|Velocidad_media_de_viento_a_altura_de_buje","MG-012","m/s","datasheet;memoria;certificado;contrato;estudio","resource;general","Velocidad media de viento a altura de buje","(?i)Velocidad\ media\ de\ viento\ a\ altura\ de\ buje","resource;Velocidad media de viento a altura de buje","no Velocidad media de viento a altura de buje","normalize_float_2","min=2.0 max=12.0 unit=m/s","NO","NO","NO","value_outside_plausibility OR source_not_listed"
"MG-013","es","Caudal aprovechable hidro|Caudal_aprovechable_hidro","MG-013","m3/s","datasheet;memoria;certificado;contrato;estudio","resource;general","Caudal aprovechable hidro","(?i)Caudal\ aprovechable\ hidro","resource;Caudal aprovechable hidro","no Caudal aprovechable hidro","normalize_float_3","min=0.01 max=500.0 unit=m3/s","NO","NO","NO","value_outside_plausibility OR source_not_listed"
"MG-014","es","Salto neto hidro|Salto_neto_hidro","MG-014","m","datasheet;memoria;certificado;contrato;estudio","resource;general","Salto neto hidro","(?i)Salto\ neto\ hidro","resource;Salto neto hidro","no Salto neto hidro","normalize_float_2","min=2.0 max=1500.0 unit=m","NO","NO","NO","value_outside_plausibility OR source_not_listed"
"MG-015","es","Disponibilidad de biomasa|Disponibilidad_de_biomasa","MG-015","t/day","datasheet;memoria;certificado;contrato;estudio","resource;general","Disponibilidad de biomasa","(?i)Disponibilidad\ de\ biomasa","resource;Disponibilidad de biomasa","no Disponibilidad de biomasa","normalize_float_1","min=1.0 max=2000.0 unit=t/day","NO","NO","NO","value_outside_plausibility OR source_not_listed"
"MG-016","es","Poder calorifico inferior (PCI) biomasa|Poder_calorifico_inferior_(PCI)_biomasa","MG-016","MJ/kg","datasheet;memoria;certificado;contrato;estudio","resource;general","Poder calorifico inferior (PCI) biomasa","(?i)Poder\ calorifico\ inferior\ \(PCI\)\ biomasa","resource;Poder calorifico inferior (PCI) biomasa","no Poder calorifico inferior (PCI) biomasa","normalize_float_2","min=5.0 max=25.0 unit=MJ/kg","NO","NO","NO","value_outside_plausibility OR source_not_listed"
"MG-017","es","Produccion de biogas|Produccion_de_biogas","MG-017","m3/h","datasheet;memoria;certificado;contrato;estudio","resource;general","Produccion de biogas","(?i)Produccion\ de\ biogas","resource;Produccion de biogas","no Produccion de biogas","normalize_float_1","min=1.0 max=5000.0 unit=m3/h","NO","NO","NO","value_outside_plausibility OR source_not_listed"
"MG-018","es","Recursos renovables presentes|Recursos_renovables_presentes","MG-018","","datasheet;memoria;certificado;contrato;estudio","resource;general","Recursos renovables presentes","(?i)Recursos\ renovables\ presentes","resource;Recursos renovables presentes","no Recursos renovables presentes","normalize_string_0","min= max=0 unit=","YES","NO","YES","value_outside_plausibility OR source_not_listed"
"MG-019","es","Recurso geotermico disponible (MWt)|Recurso_geotermico_disponible_(MWt)","MG-019","MWt","datasheet;memoria;certificado;contrato;estudio","resource;general","Recurso geotermico disponible (MWt)","(?i)Recurso\ geotermico\ disponible\ \(MWt\)","resource;Recurso geotermico disponible (MWt)","no Recurso geotermico disponible (MWt)","normalize_float_2","min=0.5 max=500.0 unit=MWt","NO","NO","NO","value_outside_plausibility OR source_not_listed"
"MG-020","es","Temperatura pozo geotermico|Temperatura_pozo_geotermico","MG-020","degC","datasheet;memoria;certificado;contrato;estudio","resource;general","Temperatura pozo geotermico","(?i)Temperatura\ pozo\ geotermico","resource;Temperatura pozo geotermico","no Temperatura pozo geotermico","normalize_float_1","min=60.0 max=350.0 unit=degC","NO","NO","NO","value_outside_plausibility OR source_not_listed"
"MG-021","es","Cobertura de nieve / dust factor|Cobertura_de_nieve_/_dust_factor","MG-021","","datasheet;memoria;certificado;contrato;estudio","resource;general","Cobertura de nieve / dust factor","(?i)Cobertura\ de\ nieve\ /\ dust\ factor","resource;Cobertura de nieve / dust factor","no Cobertura de nieve / dust factor","normalize_float_2","min=0.0 max=1.0 unit=","NO","NO","NO","value_outside_plausibility OR source_not_listed"
"MG-022","es","Humedad relativa ambiente maxima|Humedad_relativa_ambiente_maxima","MG-022","%","datasheet;memoria;certificado;contrato;estudio","resource;general","Humedad relativa ambiente maxima","(?i)Humedad\ relativa\ ambiente\ maxima","resource;Humedad relativa ambiente maxima","no Humedad relativa ambiente maxima","normalize_float_0","min=10.0 max=100.0 unit=%","NO","NO","NO","value_outside_plausibility OR source_not_listed"
"MG-023","es","Demanda pico activa (kW)|Demanda_pico_activa_(kW)","MG-023","kW","datasheet;memoria;certificado;contrato;estudio","demand;general","Demanda pico activa (kW)","(?i)Demanda\ pico\ activa\ \(kW\)","demand;Demanda pico activa (kW)","no Demanda pico activa (kW)","normalize_float_1","min=1.0 max=100000.0 unit=kW","NO","NO","NO","value_outside_plausibility OR source_not_listed"
"MG-024","es","Demanda base activa (kW)|Demanda_base_activa_(kW)","MG-024","kW","datasheet;memoria;certificado;contrato;estudio","demand;general","Demanda base activa (kW)","(?i)Demanda\ base\ activa\ \(kW\)","demand;Demanda base activa (kW)","no Demanda base activa (kW)","normalize_float_1","min=1.0 max=100000.0 unit=kW","NO","NO","NO","value_outside_plausibility OR source_not_listed"
"MG-025","es","Factor de carga|Factor_de_carga","MG-025","","datasheet;memoria;certificado;contrato;estudio","demand;general","Factor de carga","(?i)Factor\ de\ carga","demand;Factor de carga","no Factor de carga","normalize_float_3","min=0.0 max=1.0 unit=","NO","NO","NO","value_outside_plausibility OR source_not_listed"
"MG-026","es","Energia diaria (kWh/dia)|Energia_diaria_(kWh/dia)","MG-026","kWh/day","datasheet;memoria;certificado;contrato;estudio","demand;general","Energia diaria (kWh/dia)","(?i)Energia\ diaria\ \(kWh/dia\)","demand;Energia diaria (kWh/dia)","no Energia diaria (kWh/dia)","normalize_float_1","min=1.0 max=1000000.0 unit=kWh/day","NO","NO","NO","value_outside_plausibility OR source_not_listed"
"MG-027","es","Energia mensual (kWh/mes)|Energia_mensual_(kWh/mes)","MG-027","kWh/month","datasheet;memoria;certificado;contrato;estudio","demand;general","Energia mensual (kWh/mes)","(?i)Energia\ mensual\ \(kWh/mes\)","demand;Energia mensual (kWh/mes)","no Energia mensual (kWh/mes)","normalize_float_1","min=1.0 max=30000000.0 unit=kWh/month","NO","NO","NO","value_outside_plausibility OR source_not_listed"
"MG-028","es","Energia anual (kWh/ano)|Energia_anual_(kWh/ano)","MG-028","kWh/year","datasheet;memoria;certificado;contrato;estudio","demand;general","Energia anual (kWh/ano)","(?i)Energia\ anual\ \(kWh/ano\)","demand;Energia anual (kWh/ano)","no Energia anual (kWh/ano)","normalize_float_1","min=1.0 max=400000000.0 unit=kWh/year","NO","NO","NO","value_outside_plausibility OR source_not_listed"
"MG-029","es","Carga critica (kW)|Carga_critica_(kW)","MG-029","kW","datasheet;memoria;certificado;contrato;estudio","demand;general","Carga critica (kW)","(?i)Carga\ critica\ \(kW\)","demand;Carga critica (kW)","no Carga critica (kW)","normalize_float_1","min=0.0 max=100000.0 unit=kW","NO","NO","NO","value_outside_plausibility OR source_not_listed"
"MG-030","es","Carga controlable (kW)|Carga_controlable_(kW)","MG-030","kW","datasheet;memoria;certificado;contrato;estudio","demand;general","Carga controlable (kW)","(?i)Carga\ controlable\ \(kW\)","demand;Carga controlable (kW)","no Carga controlable (kW)","normalize_float_1","min=0.0 max=100000.0 unit=kW","NO","NO","NO","value_outside_plausibility OR source_not_listed"
"MG-031","es","Objetivo de peak shaving (kW)|Objetivo_de_peak_shaving_(kW)","MG-031","kW","datasheet;memoria;certificado;contrato;estudio","demand;general","Objetivo de peak shaving (kW)","(?i)Objetivo\ de\ peak\ shaving\ \(kW\)","demand;Objetivo de peak shaving (kW)","no Objetivo de peak shaving (kW)","normalize_float_1","min=1.0 max=100000.0 unit=kW","NO","NO","NO","value_outside_plausibility OR source_not_listed"
"MG-032","es","Perfil diario 24h|Perfil_diario_24h","MG-032","","datasheet;memoria;certificado;contrato;estudio","demand;general","Perfil diario 24h","(?i)Perfil\ diario\ 24h","demand;Perfil diario 24h","no Perfil diario 24h","normalize_string_0","min= max=0 unit=","YES","NO","YES","value_outside_plausibility OR source_not_listed"
"MG-033","es","Perfil semanal 168h|Perfil_semanal_168h","MG-033","","datasheet;memoria;certificado;contrato;estudio","demand;general","Perfil semanal 168h","(?i)Perfil\ semanal\ 168h","demand;Perfil semanal 168h","no Perfil semanal 168h","normalize_string_0","min= max=0 unit=","YES","NO","YES","value_outside_plausibility OR source_not_listed"
"MG-034","es","Perfil mensual 12 meses|Perfil_mensual_12_meses","MG-034","","datasheet;memoria;certificado;contrato;estudio","demand;general","Perfil mensual 12 meses","(?i)Perfil\ mensual\ 12\ meses","demand;Perfil mensual 12 meses","no Perfil mensual 12 meses","normalize_string_0","min= max=0 unit=","YES","NO","YES","value_outside_plausibility OR source_not_listed"
"MG-035","es","Variacion estacional (%)|Variacion_estacional_(%)","MG-035","%","datasheet;memoria;certificado;contrato;estudio","demand;general","Variacion estacional (%)","(?i)Variacion\ estacional\ \(%\)","demand;Variacion estacional (%)","no Variacion estacional (%)","normalize_float_1","min=0.0 max=200.0 unit=%","NO","NO","NO","value_outside_plausibility OR source_not_listed"
"MG-036","es","Factor de simultaneidad|Factor_de_simultaneidad","MG-036","","datasheet;memoria;certificado;contrato;estudio","demand;general","Factor de simultaneidad","(?i)Factor\ de\ simultaneidad","demand;Factor de simultaneidad","no Factor de simultaneidad","normalize_float_3","min=0.1 max=1.0 unit=","NO","NO","NO","value_outside_plausibility OR source_not_listed"
"MG-037","es","Crecimiento anual de demanda (%)|Crecimiento_anual_de_demanda_(%)","MG-037","%/year","datasheet;memoria;certificado;contrato;estudio","demand;general","Crecimiento anual de demanda (%)","(?i)Crecimiento\ anual\ de\ demanda\ \(%\)","demand;Crecimiento anual de demanda (%)","no Crecimiento anual de demanda (%)","normalize_float_2","min=0.0 max=30.0 unit=%/year","NO","NO","NO","value_outside_plausibility OR source_not_listed"
"MG-038","es","Factor de potencia promedio|Factor_de_potencia_promedio","MG-038","","datasheet;memoria;certificado;contrato;estudio","demand;general","Factor de potencia promedio","(?i)Factor\ de\ potencia\ promedio","demand;Factor de potencia promedio","no Factor de potencia promedio","normalize_float_3","min=0.5 max=1.0 unit=","NO","NO","NO","value_outside_plausibility OR source_not_listed"
"MG-039","es","Demanda reactiva pico (kvar)|Demanda_reactiva_pico_(kvar)","MG-039","kvar","datasheet;memoria;certificado;contrato;estudio","demand;general","Demanda reactiva pico (kvar)","(?i)Demanda\ reactiva\ pico\ \(kvar\)","demand;Demanda reactiva pico (kvar)","no Demanda reactiva pico (kvar)","normalize_float_1","min=0.0 max=50000.0 unit=kvar","NO","NO","NO","value_outside_plausibility OR source_not_listed"
"MG-040","es","Duracion del pico (h)|Duracion_del_pico_(h)","MG-040","h","datasheet;memoria;certificado;contrato;estudio","demand;general","Duracion del pico (h)","(?i)Duracion\ del\ pico\ \(h\)","demand;Duracion del pico (h)","no Duracion del pico (h)","normalize_float_2","min=0.5 max=24.0 unit=h","NO","NO","NO","value_outside_plausibility OR source_not_listed"
"MG-041","es","Sistema de gestion de energia (EMS)|Sistema_de_gestion_de_energia_(EMS)","MG-041","","datasheet;memoria;certificado;contrato;estudio","dispatch;general","Sistema de gestion de energia (EMS)","(?i)Sistema\ de\ gestion\ de\ energia\ \(EMS\)","dispatch;Sistema de gestion de energia (EMS)","no Sistema de gestion de energia (EMS)","normalize_enum_0","min= max=0 unit=","NO","YES","YES","value_outside_plausibility OR source_not_listed"
"MG-042","es","Objetivo de optimizacion EMS|Objetivo_de_optimizacion_EMS","MG-042","","datasheet;memoria;certificado;contrato;estudio","dispatch;general","Objetivo de optimizacion EMS","(?i)Objetivo\ de\ optimizacion\ EMS","dispatch;Objetivo de optimizacion EMS","no Objetivo de optimizacion EMS","normalize_enum_0","min= max=0 unit=","NO","YES","YES","value_outside_plausibility OR source_not_listed"
"MG-043","es","Orden de prioridad de despacho|Orden_de_prioridad_de_despacho","MG-043","","datasheet;memoria;certificado;contrato;estudio","dispatch;general","Orden de prioridad de despacho","(?i)Orden\ de\ prioridad\ de\ despacho","dispatch;Orden de prioridad de despacho","no Orden de prioridad de despacho","normalize_string_0","min=0 max=0 unit=","YES","NO","YES","value_outside_plausibility OR source_not_listed"
"MG-044","es","Ramp rate EMS (%MW/min)|Ramp_rate_EMS_(%MW/min)","MG-044","%/min","datasheet;memoria;certificado;contrato;estudio","dispatch;general","Ramp rate EMS (%MW/min)","(?i)Ramp\ rate\ EMS\ \(%MW/min\)","dispatch;Ramp rate EMS (%MW/min)","no Ramp rate EMS (%MW/min)","normalize_float_2","min=0.1 max=100.0 unit=%/min","NO","NO","NO","value_outside_plausibility OR source_not_listed"
"MG-045","es","Tiempo de respuesta EMS (ms)|Tiempo_de_respuesta_EMS_(ms)","MG-045","ms","datasheet;memoria;certificado;contrato;estudio","dispatch;general","Tiempo de respuesta EMS (ms)","(?i)Tiempo\ de\ respuesta\ EMS\ \(ms\)","dispatch;Tiempo de respuesta EMS (ms)","no Tiempo de respuesta EMS (ms)","normalize_float_0","min=10.0 max=5000.0 unit=ms","NO","NO","NO","value_outside_plausibility OR source_not_listed"
"MG-046","es","Horizonte de forecast (h)|Horizonte_de_forecast_(h)","MG-046","h","datasheet;memoria;certificado;contrato;estudio","dispatch;general","Horizonte de forecast (h)","(?i)Horizonte\ de\ forecast\ \(h\)","dispatch;Horizonte de forecast (h)","no Horizonte de forecast (h)","normalize_float_1","min=1.0 max=168.0 unit=h","NO","NO","NO","value_outside_plausibility OR source_not_listed"
"MG-047","es","Resolucion de despacho (min)|Resolucion_de_despacho_(min)","MG-047","min","datasheet;memoria;certificado;contrato;estudio","dispatch;general","Resolucion de despacho (min)","(?i)Resolucion\ de\ despacho\ \(min\)","dispatch;Resolucion de despacho (min)","no Resolucion de despacho (min)","normalize_float_0","min=1.0 max=60.0 unit=min","NO","NO","NO","value_outside_plausibility OR source_not_listed"
"MG-048","es","Funciones del EMS|Funciones_del_EMS","MG-048","","datasheet;memoria;certificado;contrato;estudio","dispatch;general","Funciones del EMS","(?i)Funciones\ del\ EMS","dispatch;Funciones del EMS","no Funciones del EMS","normalize_string_0","min= max=0 unit=","YES","NO","YES","value_outside_plausibility OR source_not_listed"
"MG-049","es","Forecast de generacion PV/wind (h)|Forecast_de_generacion_PV/wind_(h)","MG-049","h","datasheet;memoria;certificado;contrato;estudio","dispatch;general","Forecast de generacion PV/wind (h)","(?i)Forecast\ de\ generacion\ PV/wind\ \(h\)","dispatch;Forecast de generacion PV/wind (h)","no Forecast de generacion PV/wind (h)","normalize_float_1","min=1.0 max=72.0 unit=h","NO","NO","NO","value_outside_plausibility OR source_not_listed"
"MG-050","es","Forecast de demanda (h)|Forecast_de_demanda_(h)","MG-050","h","datasheet;memoria;certificado;contrato;estudio","dispatch;general","Forecast de demanda (h)","(?i)Forecast\ de\ demanda\ \(h\)","dispatch;Forecast de demanda (h)","no Forecast de demanda (h)","normalize_float_1","min=1.0 max=168.0 unit=h","NO","NO","NO","value_outside_plausibility OR source_not_listed"
"MG-051","es","Reserva rodante objetivo (kW)|Reserva_rodante_objetivo_(kW)","MG-051","kW","datasheet;memoria;certificado;contrato;estudio","dispatch;general","Reserva rodante objetivo (kW)","(?i)Reserva\ rodante\ objetivo\ \(kW\)","dispatch;Reserva rodante objetivo (kW)","no Reserva rodante objetivo (kW)","normalize_float_1","min=0.0 max=50000.0 unit=kW","NO","NO","NO","value_outside_plausibility OR source_not_listed"
"MG-052","es","Reserva de storage (kWh)|Reserva_de_storage_(kWh)","MG-052","kWh","datasheet;memoria;certificado;contrato;estudio","dispatch;general","Reserva de storage (kWh)","(?i)Reserva\ de\ storage\ \(kWh\)","dispatch;Reserva de storage (kWh)","no Reserva de storage (kWh)","normalize_float_1","min=0.0 max=1000000.0 unit=kWh","NO","NO","NO","value_outside_plausibility OR source_not_listed"
"MG-053","es","SAIDI objetivo (min/cliente/ano)|SAIDI_objetivo_(min/cliente/ano)","MG-053","min/customer/year","datasheet;memoria;certificado;contrato;estudio","reliability;general","SAIDI objetivo (min/cliente/ano)","(?i)SAIDI\ objetivo\ \(min/cliente/ano\)","reliability;SAIDI objetivo (min/cliente/ano)","no SAIDI objetivo (min/cliente/ano)","normalize_float_1","min=0.0 max=2000.0 unit=min/customer/year","NO","NO","NO","value_outside_plausibility OR source_not_listed"
"MG-054","es","SAIFI objetivo (1/cliente/ano)|SAIFI_objetivo_(1/cliente/ano)","MG-054","1/customer/year","datasheet;memoria;certificado;contrato;estudio","reliability;general","SAIFI objetivo (1/cliente/ano)","(?i)SAIFI\ objetivo\ \(1/cliente/ano\)","reliability;SAIFI objetivo (1/cliente/ano)","no SAIFI objetivo (1/cliente/ano)","normalize_float_2","min=0.0 max=50.0 unit=1/customer/year","NO","NO","NO","value_outside_plausibility OR source_not_listed"
"MG-055","es","CAIDI objetivo (min/interrupcion)|CAIDI_objetivo_(min/interrupcion)","MG-055","min/interruption","datasheet;memoria;certificado;contrato;estudio","reliability;general","CAIDI objetivo (min/interrupcion)","(?i)CAIDI\ objetivo\ \(min/interrupcion\)","reliability;CAIDI objetivo (min/interrupcion)","no CAIDI objetivo (min/interrupcion)","normalize_float_1","min=0.0 max=500.0 unit=min/interruption","NO","NO","NO","value_outside_plausibility OR source_not_listed"
"MG-056","es","LOLP objetivo|LOLP_objetivo","MG-056","","datasheet;memoria;certificado;contrato;estudio","reliability;general","LOLP objetivo","(?i)LOLP\ objetivo","reliability;LOLP objetivo","no LOLP objetivo","normalize_float_4","min=0.0 max=1.0 unit=","NO","NO","NO","value_outside_plausibility OR source_not_listed"
"MG-057","es","EENS objetivo (kWh/ano)|EENS_objetivo_(kWh/ano)","MG-057","kWh/year","datasheet;memoria;certificado;contrato;estudio","reliability;general","EENS objetivo (kWh/ano)","(?i)EENS\ objetivo\ \(kWh/ano\)","reliability;EENS objetivo (kWh/ano)","no EENS objetivo (kWh/ano)","normalize_float_1","min=0.0 max=1000000.0 unit=kWh/year","NO","NO","NO","value_outside_plausibility OR source_not_listed"
"MG-058","es","Tasa de fallo de generadores (1/h)|Tasa_de_fallo_de_generadores_(1/h)","MG-058","1/h","datasheet;memoria;certificado;contrato;estudio","reliability;general","Tasa de fallo de generadores (1/h)","(?i)Tasa\ de\ fallo\ de\ generadores\ \(1/h\)","reliability;Tasa de fallo de generadores (1/h)","no Tasa de fallo de generadores (1/h)","normalize_float_6","min=0.0 max=0.01 unit=1/h","NO","NO","NO","value_outside_plausibility OR source_not_listed"
"MG-059","es","Tiempo medio de reparacion (h)|Tiempo_medio_de_reparacion_(h)","MG-059","h","datasheet;memoria;certificado;contrato;estudio","reliability;general","Tiempo medio de reparacion (h)","(?i)Tiempo\ medio\ de\ reparacion\ \(h\)","reliability;Tiempo medio de reparacion (h)","no Tiempo medio de reparacion (h)","normalize_float_1","min=0.5 max=720.0 unit=h","NO","NO","NO","value_outside_plausibility OR source_not_listed"
"MG-060","es","Islanding intencional habilitado|Islanding_intencional_habilitado","MG-060","","datasheet;memoria;certificado;contrato;estudio","island;general","Islanding intencional habilitado","(?i)Islanding\ intencional\ habilitado","island;Islanding intencional habilitado","no Islanding intencional habilitado","normalize_enum_0","min= max=0 unit=","NO","YES","YES","value_outside_plausibility OR source_not_listed"
"MG-061","es","Tiempo de transicion isla (s)|Tiempo_de_transicion_isla_(s)","MG-061","s","datasheet;memoria;certificado;contrato;estudio","island;general","Tiempo de transicion isla (s)","(?i)Tiempo\ de\ transicion\ isla\ \(s\)","island;Tiempo de transicion isla (s)","no Tiempo de transicion isla (s)","normalize_float_3","min=0.01 max=60.0 unit=s","NO","NO","NO","value_outside_plausibility OR source_not_listed"
"MG-062","es","Transicion seamless|Transicion_seamless","MG-062","","datasheet;memoria;certificado;contrato;estudio","island;general","Transicion seamless","(?i)Transicion\ seamless","island;Transicion seamless","no Transicion seamless","normalize_enum_0","min= max=0 unit=","NO","YES","YES","value_outside_plausibility OR source_not_listed"
"MG-063","es","Carga en isla (kW)|Carga_en_isla_(kW)","MG-063","kW","datasheet;memoria;certificado;contrato;estudio","island;general","Carga en isla (kW)","(?i)Carga\ en\ isla\ \(kW\)","island;Carga en isla (kW)","no Carga en isla (kW)","normalize_float_1","min=0.0 max=50000.0 unit=kW","NO","NO","NO","value_outside_plausibility OR source_not_listed"
"MG-064","es","Capacidad de black start|Capacidad_de_black_start","MG-064","","datasheet;memoria;certificado;contrato;estudio","blackstart;general","Capacidad de black start","(?i)Capacidad\ de\ black\ start","blackstart;Capacidad de black start","no Capacidad de black start","normalize_enum_0","min= max=0 unit=","NO","YES","YES","value_outside_plausibility OR source_not_listed"
"MG-065","es","Secuencia de black start|Secuencia_de_black_start","MG-065","","datasheet;memoria;certificado;contrato;estudio","blackstart;general","Secuencia de black start","(?i)Secuencia\ de\ black\ start","blackstart;Secuencia de black start","no Secuencia de black start","normalize_string_0","min= max=0 unit=","YES","NO","YES","value_outside_plausibility OR source_not_listed"
"MG-066","es","Tiempo de black start (min)|Tiempo_de_black_start_(min)","MG-066","min","datasheet;memoria;certificado;contrato;estudio","blackstart;general","Tiempo de black start (min)","(?i)Tiempo\ de\ black\ start\ \(min\)","blackstart;Tiempo de black start (min)","no Tiempo de black start (min)","normalize_float_1","min=1.0 max=120.0 unit=min","NO","NO","NO","value_outside_plausibility OR source_not_listed"
"MG-067","es","Generadores de black start (lista)|Generadores_de_black_start_(lista)","MG-067","","datasheet;memoria;certificado;contrato;estudio","blackstart;general","Generadores de black start (lista)","(?i)Generadores\ de\ black\ start\ \(lista\)","blackstart;Generadores de black start (lista)","no Generadores de black start (lista)","normalize_string_0","min= max=0 unit=","YES","NO","YES","value_outside_plausibility OR source_not_listed"
"MG-068","es","Capacidad de black start (kW)|Capacidad_de_black_start_(kW)","MG-068","kW","datasheet;memoria;certificado;contrato;estudio","blackstart;general","Capacidad de black start (kW)","(?i)Capacidad\ de\ black\ start\ \(kW\)","blackstart;Capacidad de black start (kW)","no Capacidad de black start (kW)","normalize_float_1","min=1.0 max=50000.0 unit=kW","NO","NO","NO","value_outside_plausibility OR source_not_listed"
"MG-069","es","Inversores grid-forming|Inversores_grid-forming","MG-069","","datasheet;memoria;certificado;contrato;estudio","control;general","Inversores grid-forming","(?i)Inversores\ grid\-forming","control;Inversores grid-forming","no Inversores grid-forming","normalize_string_0","min= max=0 unit=","YES","NO","YES","value_outside_plausibility OR source_not_listed"
"MG-070","es","Inversores grid-following|Inversores_grid-following","MG-070","","datasheet;memoria;certificado;contrato;estudio","control;general","Inversores grid-following","(?i)Inversores\ grid\-following","control;Inversores grid-following","no Inversores grid-following","normalize_string_0","min= max=0 unit=","YES","NO","YES","value_outside_plausibility OR source_not_listed"
"MG-071","es","Droop control (%)|Droop_control_(%)","MG-071","%","datasheet;memoria;certificado;contrato;estudio","control;general","Droop control (%)","(?i)Droop\ control\ \(%\)","control;Droop control (%)","no Droop control (%)","normalize_float_2","min=1.0 max=10.0 unit=%","NO","NO","NO","value_outside_plausibility OR source_not_listed"
"MG-072","es","Virtual Synchronous Generator (VSG)|Virtual_Synchronous_Generator_(VSG)","MG-072","","datasheet;memoria;certificado;contrato;estudio","control;general","Virtual Synchronous Generator (VSG)","(?i)Virtual\ Synchronous\ Generator\ \(VSG\)","control;Virtual Synchronous Generator (VSG)","no Virtual Synchronous Generator (VSG)","normalize_enum_0","min= max=0 unit=","NO","YES","YES","value_outside_plausibility OR source_not_listed"
"MG-073","es","Virtual Synchronous Condenser (VSC)|Virtual_Synchronous_Condenser_(VSC)","MG-073","","datasheet;memoria;certificado;contrato;estudio","control;general","Virtual Synchronous Condenser (VSC)","(?i)Virtual\ Synchronous\ Condenser\ \(VSC\)","control;Virtual Synchronous Condenser (VSC)","no Virtual Synchronous Condenser (VSC)","normalize_enum_0","min= max=0 unit=","NO","YES","YES","value_outside_plausibility OR source_not_listed"
"MG-074","es","Inercia sintetica (kW*s)|Inercia_sintetica_(kW*s)","MG-074","kW*s","datasheet;memoria;certificado;contrato;estudio","control;general","Inercia sintetica (kW*s)","(?i)Inercia\ sintetica\ \(kW\*s\)","control;Inercia sintetica (kW*s)","no Inercia sintetica (kW*s)","normalize_float_1","min=0.0 max=10000.0 unit=kW*s","NO","NO","NO","value_outside_plausibility OR source_not_listed"
"MG-075","es","Fast Frequency Response (FFR)|Fast_Frequency_Response_(FFR)","MG-075","","datasheet;memoria;certificado;contrato;estudio","control;general","Fast Frequency Response (FFR)","(?i)Fast\ Frequency\ Response\ \(FFR\)","control;Fast Frequency Response (FFR)","no Fast Frequency Response (FFR)","normalize_enum_0","min= max=0 unit=","NO","YES","YES","value_outside_plausibility OR source_not_listed"
"MG-076","es","Estabilidad de frecuencia|Estabilidad_de_frecuencia","MG-076","","datasheet;memoria;certificado;contrato;estudio","stability;general","Estabilidad de frecuencia","(?i)Estabilidad\ de\ frecuencia","stability;Estabilidad de frecuencia","no Estabilidad de frecuencia","normalize_enum_0","min= max=0 unit=","NO","YES","YES","value_outside_plausibility OR source_not_listed"
"MG-077","es","Estabilidad de tension|Estabilidad_de_tension","MG-077","","datasheet;memoria;certificado;contrato;estudio","stability;general","Estabilidad de tension","(?i)Estabilidad\ de\ tension","stability;Estabilidad de tension","no Estabilidad de tension","normalize_enum_0","min= max=0 unit=","NO","YES","YES","value_outside_plausibility OR source_not_listed"
"MG-078","es","Estabilidad transitoria|Estabilidad_transitoria","MG-078","","datasheet;memoria;certificado;contrato;estudio","stability;general","Estabilidad transitoria","(?i)Estabilidad\ transitoria","stability;Estabilidad transitoria","no Estabilidad transitoria","normalize_enum_0","min= max=0 unit=","NO","YES","YES","value_outside_plausibility OR source_not_listed"
"MG-079","es","Amortiguamiento de oscilaciones|Amortiguamiento_de_oscilaciones","MG-079","","datasheet;memoria;certificado;contrato;estudio","stability;general","Amortiguamiento de oscilaciones","(?i)Amortiguamiento\ de\ oscilaciones","stability;Amortiguamiento de oscilaciones","no Amortiguamiento de oscilaciones","normalize_enum_0","min= max=0 unit=","NO","YES","YES","value_outside_plausibility OR source_not_listed"
"MG-080","es","Primary Frequency Response (PFR)|Primary_Frequency_Response_(PFR)","MG-080","","datasheet;memoria;certificado;contrato;estudio","stability;general","Primary Frequency Response (PFR)","(?i)Primary\ Frequency\ Response\ \(PFR\)","stability;Primary Frequency Response (PFR)","no Primary Frequency Response (PFR)","normalize_enum_0","min= max=0 unit=","NO","YES","YES","value_outside_plausibility OR source_not_listed"
"MG-081","es","Tiempo soporte PFR (s)|Tiempo_soporte_PFR_(s)","MG-081","s","datasheet;memoria;certificado;contrato;estudio","stability;general","Tiempo soporte PFR (s)","(?i)Tiempo\ soporte\ PFR\ \(s\)","stability;Tiempo soporte PFR (s)","no Tiempo soporte PFR (s)","normalize_float_1","min=10.0 max=1800.0 unit=s","NO","NO","NO","value_outside_plausibility OR source_not_listed"
"MG-082","es","Inyeccion de reactivos (IR)|Inyeccion_de_reactivos_(IR)","MG-082","","datasheet;memoria;certificado;contrato;estudio","stability;general","Inyeccion de reactivos (IR)","(?i)Inyeccion\ de\ reactivos\ \(IR\)","stability;Inyeccion de reactivos (IR)","no Inyeccion de reactivos (IR)","normalize_enum_0","min= max=0 unit=","NO","YES","YES","value_outside_plausibility OR source_not_listed"
"MG-083","es","Coordinacion de protecciones|Coordinacion_de_protecciones","MG-083","","datasheet;memoria;certificado;contrato;estudio","protection;general","Coordinacion de protecciones","(?i)Coordinacion\ de\ protecciones","protection;Coordinacion de protecciones","no Coordinacion de protecciones","normalize_enum_0","min= max=0 unit=","NO","YES","YES","value_outside_plausibility OR source_not_listed"
"MG-084","es","Reles direccionales|Reles_direccionales","MG-084","","datasheet;memoria;certificado;contrato;estudio","protection;general","Reles direccionales","(?i)Reles\ direccionales","protection;Reles direccionales","no Reles direccionales","normalize_integer_0","min=0 max=200 unit=","NO","NO","NO","value_outside_plausibility OR source_not_listed"
"MG-085","es","Anti-islanding|Anti-islanding","MG-085","","datasheet;memoria;certificado;contrato;estudio","protection;general","Anti-islanding","(?i)Anti\-islanding","protection;Anti-islanding","no Anti-islanding","normalize_enum_0","min= max=0 unit=","NO","YES","YES","value_outside_plausibility OR source_not_listed"
"MG-086","es","Deteccion de isla (metodo)|Deteccion_de_isla_(metodo)","MG-086","","datasheet;memoria;certificado;contrato;estudio","protection;general","Deteccion de isla (metodo)","(?i)Deteccion\ de\ isla\ \(metodo\)","protection;Deteccion de isla (metodo)","no Deteccion de isla (metodo)","normalize_enum_0","min= max=0 unit=","NO","YES","YES","value_outside_plausibility OR source_not_listed"
"MG-087","es","Recierre automatico|Recierre_automatico","MG-087","","datasheet;memoria;certificado;contrato;estudio","protection;general","Recierre automatico","(?i)Recierre\ automatico","protection;Recierre automatico","no Recierre automatico","normalize_enum_0","min= max=0 unit=","NO","YES","YES","value_outside_plausibility OR source_not_listed"
"MG-088","es","Umbral ROCOF (Hz/s)|Umbral_ROCOF_(Hz/s)","MG-088","Hz/s","datasheet;memoria;certificado;contrato;estudio","protection;general","Umbral ROCOF (Hz/s)","(?i)Umbral\ ROCOF\ \(Hz/s\)","protection;Umbral ROCOF (Hz/s)","no Umbral ROCOF (Hz/s)","normalize_float_3","min=0.1 max=5.0 unit=Hz/s","NO","NO","NO","value_outside_plausibility OR source_not_listed"
"MG-089","es","Umbral vector shift (deg)|Umbral_vector_shift_(deg)","MG-089","deg","datasheet;memoria;certificado;contrato;estudio","protection;general","Umbral vector shift (deg)","(?i)Umbral\ vector\ shift\ \(deg\)","protection;Umbral vector shift (deg)","no Umbral vector shift (deg)","normalize_float_1","min=1.0 max=30.0 unit=deg","NO","NO","NO","value_outside_plausibility OR source_not_listed"
"MG-090","es","Capacidad interruptiva AC (kA)|Capacidad_interruptiva_AC_(kA)","MG-090","kA","datasheet;memoria;certificado;contrato;estudio","protection;general","Capacidad interruptiva AC (kA)","(?i)Capacidad\ interruptiva\ AC\ \(kA\)","protection;Capacidad interruptiva AC (kA)","no Capacidad interruptiva AC (kA)","normalize_float_1","min=5.0 max=80.0 unit=kA","NO","NO","NO","value_outside_plausibility OR source_not_listed"
"MG-091","es","Auto-sincronizador|Auto-sincronizador","MG-091","","datasheet;memoria;certificado;contrato;estudio","sync;general","Auto-sincronizador","(?i)Auto\-sincronizador","sync;Auto-sincronizador","no Auto-sincronizador","normalize_enum_0","min= max=0 unit=","NO","YES","YES","value_outside_plausibility OR source_not_listed"
"MG-092","es","Sincronizador manual|Sincronizador_manual","MG-092","","datasheet;memoria;certificado;contrato;estudio","sync;general","Sincronizador manual","(?i)Sincronizador\ manual","sync;Sincronizador manual","no Sincronizador manual","normalize_enum_0","min= max=0 unit=","NO","YES","YES","value_outside_plausibility OR source_not_listed"
"MG-093","es","Rele sync check (25)|Rele_sync_check_(25)","MG-093","","datasheet;memoria;certificado;contrato;estudio","sync;general","Rele sync check (25)","(?i)Rele\ sync\ check\ \(25\)","sync;Rele sync check (25)","no Rele sync check (25)","normalize_enum_0","min= max=0 unit=","NO","YES","YES","value_outside_plausibility OR source_not_listed"
"MG-094","es","Pila de protocolos SCADA|Pila_de_protocolos_SCADA","MG-094","","datasheet;memoria;certificado;contrato;estudio","comms;general","Pila de protocolos SCADA","(?i)Pila\ de\ protocolos\ SCADA","comms;Pila de protocolos SCADA","no Pila de protocolos SCADA","normalize_string_0","min= max=0 unit=","YES","NO","YES","value_outside_plausibility OR source_not_listed"
"MG-095","es","Gateway SCADA principal|Gateway_SCADA_principal","MG-095","","datasheet;memoria;certificado;contrato;estudio","comms;general","Gateway SCADA principal","(?i)Gateway\ SCADA\ principal","comms;Gateway SCADA principal","no Gateway SCADA principal","normalize_enum_0","min= max=0 unit=","NO","YES","YES","value_outside_plausibility OR source_not_listed"
"MG-096","es","Tasa de muestreo SCADA minima (Hz)|Tasa_de_muestreo_SCADA_minima_(Hz)","MG-096","Hz","datasheet;memoria;certificado;contrato;estudio","comms;general","Tasa de muestreo SCADA minima (Hz)","(?i)Tasa\ de\ muestreo\ SCADA\ minima\ \(Hz\)","comms;Tasa de muestreo SCADA minima (Hz)","no Tasa de muestreo SCADA minima (Hz)","normalize_float_2","min=0.1 max=100.0 unit=Hz","NO","NO","NO","value_outside_plausibility OR source_not_listed"
"MG-097","es","Redundancia del canal SCADA|Redundancia_del_canal_SCADA","MG-097","","datasheet;memoria;certificado;contrato;estudio","comms;general","Redundancia del canal SCADA","(?i)Redundancia\ del\ canal\ SCADA","comms;Redundancia del canal SCADA","no Redundancia del canal SCADA","normalize_enum_0","min= max=0 unit=","NO","YES","YES","value_outside_plausibility OR source_not_listed"
"MG-098","es","Medio fisico de comunicaciones|Medio_fisico_de_comunicaciones","MG-098","","datasheet;memoria;certificado;contrato;estudio","comms;general","Medio fisico de comunicaciones","(?i)Medio\ fisico\ de\ comunicaciones","comms;Medio fisico de comunicaciones","no Medio fisico de comunicaciones","normalize_enum_0","min= max=0 unit=","NO","YES","YES","value_outside_plausibility OR source_not_listed"
"MG-099","es","Cantidad de zonas de cyber|Cantidad_de_zonas_de_cyber","MG-099","","datasheet;memoria;certificado;contrato;estudio","comms;general","Cantidad de zonas de cyber","(?i)Cantidad\ de\ zonas\ de\ cyber","comms;Cantidad de zonas de cyber","no Cantidad de zonas de cyber","normalize_integer_0","min=1 max=4 unit=","NO","NO","NO","value_outside_plausibility OR source_not_listed"
"MG-100","es","Autenticacion fuerte (MFA) en SCADA|Autenticacion_fuerte_(MFA)_en_SCADA","MG-100","","datasheet;memoria;certificado;contrato;estudio","comms;general","Autenticacion fuerte (MFA) en SCADA","(?i)Autenticacion\ fuerte\ \(MFA\)\ en\ SCADA","comms;Autenticacion fuerte (MFA) en SCADA","no Autenticacion fuerte (MFA) en SCADA","normalize_enum_0","min= max=0 unit=","NO","YES","YES","value_outside_plausibility OR source_not_listed"
"MG-101","es","Potencia PV subsystem (kWp)|Potencia_PV_subsystem_(kWp)","MG-101","kWp","datasheet;memoria;certificado;contrato;estudio","subsystem;general","Potencia PV subsystem (kWp)","(?i)Potencia\ PV\ subsystem\ \(kWp\)","subsystem;Potencia PV subsystem (kWp)","no Potencia PV subsystem (kWp)","normalize_float_1","min=1.0 max=50000.0 unit=kWp","NO","NO","NO","value_outside_plausibility OR source_not_listed"
"MG-102","es","Potencia BESS subsystem (kW)|Potencia_BESS_subsystem_(kW)","MG-102","kW","datasheet;memoria;certificado;contrato;estudio","subsystem;general","Potencia BESS subsystem (kW)","(?i)Potencia\ BESS\ subsystem\ \(kW\)","subsystem;Potencia BESS subsystem (kW)","no Potencia BESS subsystem (kW)","normalize_float_1","min=1.0 max=50000.0 unit=kW","NO","NO","NO","value_outside_plausibility OR source_not_listed"
"MG-103","es","Capacidad BESS subsystem (kWh)|Capacidad_BESS_subsystem_(kWh)","MG-103","kWh","datasheet;memoria;certificado;contrato;estudio","subsystem;general","Capacidad BESS subsystem (kWh)","(?i)Capacidad\ BESS\ subsystem\ \(kWh\)","subsystem;Capacidad BESS subsystem (kWh)","no Capacidad BESS subsystem (kWh)","normalize_float_1","min=1.0 max=500000.0 unit=kWh","NO","NO","NO","value_outside_plausibility OR source_not_listed"
"MG-104","es","Potencia Wind subsystem (kW)|Potencia_Wind_subsystem_(kW)","MG-104","kW","datasheet;memoria;certificado;contrato;estudio","subsystem;general","Potencia Wind subsystem (kW)","(?i)Potencia\ Wind\ subsystem\ \(kW\)","subsystem;Potencia Wind subsystem (kW)","no Potencia Wind subsystem (kW)","normalize_float_1","min=1.0 max=50000.0 unit=kW","NO","NO","NO","value_outside_plausibility OR source_not_listed"
"MG-105","es","Potencia Hydro subsystem (kW)|Potencia_Hydro_subsystem_(kW)","MG-105","kW","datasheet;memoria;certificado;contrato;estudio","subsystem;general","Potencia Hydro subsystem (kW)","(?i)Potencia\ Hydro\ subsystem\ \(kW\)","subsystem;Potencia Hydro subsystem (kW)","no Potencia Hydro subsystem (kW)","normalize_float_1","min=1.0 max=50000.0 unit=kW","NO","NO","NO","value_outside_plausibility OR source_not_listed"
"MG-106","es","Potencia Biomass/Biogas subsystem (kW)|Potencia_Biomass/Biogas_subsystem_(kW)","MG-106","kW","datasheet;memoria;certificado;contrato;estudio","subsystem;general","Potencia Biomass/Biogas subsystem (kW)","(?i)Potencia\ Biomass/Biogas\ subsystem\ \(kW\)","subsystem;Potencia Biomass/Biogas subsystem (kW)","no Potencia Biomass/Biogas subsystem (kW)","normalize_float_1","min=1.0 max=50000.0 unit=kW","NO","NO","NO","value_outside_plausibility OR source_not_listed"
"MG-107","es","Potencia Geothermal subsystem (kW)|Potencia_Geothermal_subsystem_(kW)","MG-107","kW","datasheet;memoria;certificado;contrato;estudio","subsystem;general","Potencia Geothermal subsystem (kW)","(?i)Potencia\ Geothermal\ subsystem\ \(kW\)","subsystem;Potencia Geothermal subsystem (kW)","no Potencia Geothermal subsystem (kW)","normalize_float_1","min=1.0 max=50000.0 unit=kW","NO","NO","NO","value_outside_plausibility OR source_not_listed"
"MG-108","es","Diesel genset backup (kW)|Diesel_genset_backup_(kW)","MG-108","kW","datasheet;memoria;certificado;contrato;estudio","subsystem;general","Diesel genset backup (kW)","(?i)Diesel\ genset\ backup\ \(kW\)","subsystem;Diesel genset backup (kW)","no Diesel genset backup (kW)","normalize_float_1","min=0.0 max=10000.0 unit=kW","NO","NO","NO","value_outside_plausibility OR source_not_listed"
"MG-109","es","Punto de comun acoplamiento (PCC) definido|Punto_de_comun_acoplamiento_(PCC)_definido","MG-109","","datasheet;memoria;certificado;contrato;estudio","pcc;general","Punto de comun acoplamiento (PCC) definido","(?i)Punto\ de\ comun\ acoplamiento\ \(PCC\)\ definido","pcc;Punto de comun acoplamiento (PCC) definido","no Punto de comun acoplamiento (PCC) definido","normalize_enum_0","min= max=0 unit=","NO","YES","YES","value_outside_plausibility OR source_not_listed"
"MG-110","es","Tension PCC (kV)|Tension_PCC_(kV)","MG-110","kV","datasheet;memoria;certificado;contrato;estudio","pcc;general","Tension PCC (kV)","(?i)Tension\ PCC\ \(kV\)","pcc;Tension PCC (kV)","no Tension PCC (kV)","normalize_float_3","min=0.208 max=69.0 unit=kV","NO","NO","NO","value_outside_plausibility OR source_not_listed"
"MG-111","es","Breaker PCC (rating A)|Breaker_PCC_(rating_A)","MG-111","A","datasheet;memoria;certificado;contrato;estudio","pcc;general","Breaker PCC (rating A)","(?i)Breaker\ PCC\ \(rating\ A\)","pcc;Breaker PCC (rating A)","no Breaker PCC (rating A)","normalize_float_0","min=100.0 max=6300.0 unit=A","NO","NO","NO","value_outside_plausibility OR source_not_listed"
"MG-112","es","Cumplimiento IEEE 1547-2018|Cumplimiento_IEEE_1547-2018","MG-112","","datasheet;memoria;certificado;contrato;estudio","pcc;general","Cumplimiento IEEE 1547-2018","(?i)Cumplimiento\ IEEE\ 1547\-2018","pcc;Cumplimiento IEEE 1547-2018","no Cumplimiento IEEE 1547-2018","normalize_enum_0","min= max=0 unit=","NO","YES","YES","value_outside_plausibility OR source_not_listed"
"MG-113","es","Tension de red (kV)|Tension_de_red_(kV)","MG-113","kV","datasheet;memoria;certificado;contrato;estudio","grid;general","Tension de red (kV)","(?i)Tension\ de\ red\ \(kV\)","grid;Tension de red (kV)","no Tension de red (kV)","normalize_float_3","min=0.208 max=500.0 unit=kV","NO","NO","NO","value_outside_plausibility OR source_not_listed"
"MG-114","es","Frecuencia de red (Hz)|Frecuencia_de_red_(Hz)","MG-114","Hz","datasheet;memoria;certificado;contrato;estudio","grid;general","Frecuencia de red (Hz)","(?i)Frecuencia\ de\ red\ \(Hz\)","grid;Frecuencia de red (Hz)","no Frecuencia de red (Hz)","normalize_float_1","min=50.0 max=60.0 unit=Hz","NO","NO","NO","value_outside_plausibility OR source_not_listed"
"MG-115","es","SCADA del operador de red|SCADA_del_operador_de_red","MG-115","","datasheet;memoria;certificado;contrato;estudio","grid;general","SCADA del operador de red","(?i)SCADA\ del\ operador\ de\ red","grid;SCADA del operador de red","no SCADA del operador de red","normalize_enum_0","min= max=0 unit=","NO","YES","YES","value_outside_plausibility OR source_not_listed"
"MG-116","es","Programas de demanda response|Programas_de_demanda_response","MG-116","","datasheet;memoria;certificado;contrato;estudio","dr;general","Programas de demanda response","(?i)Programas\ de\ demanda\ response","dr;Programas de demanda response","no Programas de demanda response","normalize_string_0","min= max=0 unit=","YES","NO","YES","value_outside_plausibility OR source_not_listed"
"MG-117","es","Controladores de demanda response|Controladores_de_demanda_response","MG-117","","datasheet;memoria;certificado;contrato;estudio","dr;general","Controladores de demanda response","(?i)Controladores\ de\ demanda\ response","dr;Controladores de demanda response","no Controladores de demanda response","normalize_integer_0","min=0 max=500 unit=","NO","NO","NO","value_outside_plausibility OR source_not_listed"
"MG-118","es","Cargadores de vehiculos electricos|Cargadores_de_vehiculos_electricos","MG-118","","datasheet;memoria;certificado;contrato;estudio","ev;general","Cargadores de vehiculos electricos","(?i)Cargadores\ de\ vehiculos\ electricos","ev;Cargadores de vehiculos electricos","no Cargadores de vehiculos electricos","normalize_integer_0","min=0 max=500 unit=","NO","NO","NO","value_outside_plausibility OR source_not_listed"
"MG-119","es","Servicio PFR habilitado|Servicio_PFR_habilitado","MG-119","","datasheet;memoria;certificado;contrato;estudio","grid_services;general","Servicio PFR habilitado","(?i)Servicio\ PFR\ habilitado","grid_services;Servicio PFR habilitado","no Servicio PFR habilitado","normalize_enum_0","min= max=0 unit=","NO","YES","YES","value_outside_plausibility OR source_not_listed"
"MG-120","es","Servicio FFR habilitado|Servicio_FFR_habilitado","MG-120","","datasheet;memoria;certificado;contrato;estudio","grid_services;general","Servicio FFR habilitado","(?i)Servicio\ FFR\ habilitado","grid_services;Servicio FFR habilitado","no Servicio FFR habilitado","normalize_enum_0","min= max=0 unit=","NO","YES","YES","value_outside_plausibility OR source_not_listed"
"MG-121","es","Capacidad firming habilitado|Capacidad_firming_habilitado","MG-121","","datasheet;memoria;certificado;contrato;estudio","grid_services;general","Capacidad firming habilitado","(?i)Capacidad\ firming\ habilitado","grid_services;Capacidad firming habilitado","no Capacidad firming habilitado","normalize_enum_0","min= max=0 unit=","NO","YES","YES","value_outside_plausibility OR source_not_listed"
"MG-122","es","Peak shaving habilitado|Peak_shaving_habilitado","MG-122","","datasheet;memoria;certificado;contrato;estudio","grid_services;general","Peak shaving habilitado","(?i)Peak\ shaving\ habilitado","grid_services;Peak shaving habilitado","no Peak shaving habilitado","normalize_enum_0","min= max=0 unit=","NO","YES","YES","value_outside_plausibility OR source_not_listed"
"MG-123","es","Capacidad (capacity) service|Capacidad_(capacity)_service","MG-123","","datasheet;memoria;certificado;contrato;estudio","grid_services;general","Capacidad (capacity) service","(?i)Capacidad\ \(capacity\)\ service","grid_services;Capacidad (capacity) service","no Capacidad (capacity) service","normalize_enum_0","min= max=0 unit=","NO","YES","YES","value_outside_plausibility OR source_not_listed"
"MG-124","es","Ramping service|Ramping_service","MG-124","","datasheet;memoria;certificado;contrato;estudio","grid_services;general","Ramping service","(?i)Ramping\ service","grid_services;Ramping service","no Ramping service","normalize_enum_0","min= max=0 unit=","NO","YES","YES","value_outside_plausibility OR source_not_listed"
"MG-125","es","Soporte de tension|Soporte_de_tension","MG-125","","datasheet;memoria;certificado;contrato;estudio","grid_services;general","Soporte de tension","(?i)Soporte\ de\ tension","grid_services;Soporte de tension","no Soporte de tension","normalize_enum_0","min= max=0 unit=","NO","YES","YES","value_outside_plausibility OR source_not_listed"
"MG-126","es","Medidores de ingreso (revenue)|Medidores_de_ingreso_(revenue)","MG-126","","datasheet;memoria;certificado;contrato;estudio","metering;general","Medidores de ingreso (revenue)","(?i)Medidores\ de\ ingreso\ \(revenue\)","metering;Medidores de ingreso (revenue)","no Medidores de ingreso (revenue)","normalize_integer_0","min=1 max=10 unit=","NO","NO","NO","value_outside_plausibility OR source_not_listed"
"MG-127","es","Submedicion instalada|Submedicion_instalada","MG-127","","datasheet;memoria;certificado;contrato;estudio","metering;general","Submedicion instalada","(?i)Submedicion\ instalada","metering;Submedicion instalada","no Submedicion instalada","normalize_integer_0","min=0 max=500 unit=","NO","NO","NO","value_outside_plausibility OR source_not_listed"
"MG-128","es","Cumplimiento clase 0.2S|Cumplimiento_clase_0.2S","MG-128","","datasheet;memoria;certificado;contrato;estudio","metering;general","Cumplimiento clase 0.2S","(?i)Cumplimiento\ clase\ 0\.2S","metering;Cumplimiento clase 0.2S","no Cumplimiento clase 0.2S","normalize_enum_0","min= max=0 unit=","NO","YES","YES","value_outside_plausibility OR source_not_listed"
"MG-129","es","Tipo de almacenamiento|Tipo_de_almacenamiento","MG-129","","datasheet;memoria;certificado;contrato;estudio","storage;general","Tipo de almacenamiento","(?i)Tipo\ de\ almacenamiento","storage;Tipo de almacenamiento","no Tipo de almacenamiento","normalize_string_0","min= max=0 unit=","YES","NO","YES","value_outside_plausibility OR source_not_listed"
"MG-130","es","Capacidad flywheel (kWh)|Capacidad_flywheel_(kWh)","MG-130","kWh","datasheet;memoria;certificado;contrato;estudio","storage;general","Capacidad flywheel (kWh)","(?i)Capacidad\ flywheel\ \(kWh\)","storage;Capacidad flywheel (kWh)","no Capacidad flywheel (kWh)","normalize_float_2","min=0.0 max=500.0 unit=kWh","NO","NO","NO","value_outside_plausibility OR source_not_listed"
"MG-131","es","Capacidad supercapacitor (F)|Capacidad_supercapacitor_(F)","MG-131","F","datasheet;memoria;certificado;contrato;estudio","storage;general","Capacidad supercapacitor (F)","(?i)Capacidad\ supercapacitor\ \(F\)","storage;Capacidad supercapacitor (F)","no Capacidad supercapacitor (F)","normalize_float_1","min=0.0 max=10000.0 unit=F","NO","NO","NO","value_outside_plausibility OR source_not_listed"
"MG-132","es","Capacidad pumped hydro (MWh)|Capacidad_pumped_hydro_(MWh)","MG-132","MWh","datasheet;memoria;certificado;contrato;estudio","storage;general","Capacidad pumped hydro (MWh)","(?i)Capacidad\ pumped\ hydro\ \(MWh\)","storage;Capacidad pumped hydro (MWh)","no Capacidad pumped hydro (MWh)","normalize_float_2","min=0.0 max=1000.0 unit=MWh","NO","NO","NO","value_outside_plausibility OR source_not_listed"
"MG-133","es","RenewableShare objetivo (%)|RenewableShare_objetivo_(%)","MG-133","%","datasheet;memoria;certificado;contrato;estudio","mix;general","RenewableShare objetivo (%)","(?i)RenewableShare\ objetivo\ \(%\)","mix;RenewableShare objetivo (%)","no RenewableShare objetivo (%)","normalize_float_1","min=0.0 max=100.0 unit=%","NO","NO","NO","value_outside_plausibility OR source_not_listed"
"MG-134","es","StorageShare objetivo (%)|StorageShare_objetivo_(%)","MG-134","%","datasheet;memoria;certificado;contrato;estudio","mix;general","StorageShare objetivo (%)","(?i)StorageShare\ objetivo\ \(%\)","mix;StorageShare objetivo (%)","no StorageShare objetivo (%)","normalize_float_1","min=0.0 max=100.0 unit=%","NO","NO","NO","value_outside_plausibility OR source_not_listed"
"MG-135","es","ConventionalShare max (%)|ConventionalShare_max_(%)","MG-135","%","datasheet;memoria;certificado;contrato;estudio","mix;general","ConventionalShare max (%)","(?i)ConventionalShare\ max\ \(%\)","mix;ConventionalShare max (%)","no ConventionalShare max (%)","normalize_float_1","min=0.0 max=100.0 unit=%","NO","NO","NO","value_outside_plausibility OR source_not_listed"
"MG-136","es","Deteccion de intrusos (IDS) en SCADA|Deteccion_de_intrusos_(IDS)_en_SCADA","MG-136","","datasheet;memoria;certificado;contrato;estudio","cyber;general","Deteccion de intrusos (IDS) en SCADA","(?i)Deteccion\ de\ intrusos\ \(IDS\)\ en\ SCADA","cyber;Deteccion de intrusos (IDS) en SCADA","no Deteccion de intrusos (IDS) en SCADA","normalize_enum_0","min= max=0 unit=","NO","YES","YES","value_outside_plausibility OR source_not_listed"
"MG-137","es","Segmentacion de red (firewall)|Segmentacion_de_red_(firewall)","MG-137","","datasheet;memoria;certificado;contrato;estudio","cyber;general","Segmentacion de red (firewall)","(?i)Segmentacion\ de\ red\ \(firewall\)","cyber;Segmentacion de red (firewall)","no Segmentacion de red (firewall)","normalize_enum_0","min= max=0 unit=","NO","YES","YES","value_outside_plausibility OR source_not_listed"
"MG-138","es","Hardening de dispositivos|Hardening_de_dispositivos","MG-138","","datasheet;memoria;certificado;contrato;estudio","cyber;general","Hardening de dispositivos","(?i)Hardening\ de\ dispositivos","cyber;Hardening de dispositivos","no Hardening de dispositivos","normalize_enum_0","min= max=0 unit=","NO","YES","YES","value_outside_plausibility OR source_not_listed"
"MG-139","es","Arquitectura de sala de control|Arquitectura_de_sala_de_control","MG-139","","datasheet;memoria;certificado;contrato;estudio","control_room;general","Arquitectura de sala de control","(?i)Arquitectura\ de\ sala\ de\ control","control_room;Arquitectura de sala de control","no Arquitectura de sala de control","normalize_enum_0","min= max=0 unit=","NO","YES","YES","value_outside_plausibility OR source_not_listed"
"MG-140","es","THD de tension objetivo (%)|THD_de_tension_objetivo_(%)","MG-140","%","datasheet;memoria;certificado;contrato;estudio","pq;general","THD de tension objetivo (%)","(?i)THD\ de\ tension\ objetivo\ \(%\)","pq;THD de tension objetivo (%)","no THD de tension objetivo (%)","normalize_float_2","min=0.0 max=8.0 unit=%","NO","NO","NO","value_outside_plausibility OR source_not_listed"
"MG-141","es","Sags/swells IEEE 1547|Sags/swells_IEEE_1547","MG-141","","datasheet;memoria;certificado;contrato;estudio","pq;general","Sags/swells IEEE 1547","(?i)Sags/swells\ IEEE\ 1547","pq;Sags/swells IEEE 1547","no Sags/swells IEEE 1547","normalize_enum_0","min= max=0 unit=","NO","YES","YES","value_outside_plausibility OR source_not_listed"
"MG-142","es","Flicker (Pst)|Flicker_(Pst)","MG-142","","datasheet;memoria;certificado;contrato;estudio","pq;general","Flicker (Pst)","(?i)Flicker\ \(Pst\)","pq;Flicker (Pst)","no Flicker (Pst)","normalize_float_3","min=0.0 max=10.0 unit=","NO","NO","NO","value_outside_plausibility OR source_not_listed"
"MG-143","es","Desbalance de tension (%)|Desbalance_de_tension_(%)","MG-143","%","datasheet;memoria;certificado;contrato;estudio","pq;general","Desbalance de tension (%)","(?i)Desbalance\ de\ tension\ \(%\)","pq;Desbalance de tension (%)","no Desbalance de tension (%)","normalize_float_2","min=0.0 max=5.0 unit=%","NO","NO","NO","value_outside_plausibility OR source_not_listed"
"MG-144","es","Resistencia de malla de tierra (ohm)|Resistencia_de_malla_de_tierra_(ohm)","MG-144","ohm","datasheet;memoria;certificado;contrato;estudio","grounding;general","Resistencia de malla de tierra (ohm)","(?i)Resistencia\ de\ malla\ de\ tierra\ \(ohm\)","grounding;Resistencia de malla de tierra (ohm)","no Resistencia de malla de tierra (ohm)","normalize_float_2","min=0.1 max=25.0 unit=ohm","NO","NO","NO","value_outside_plausibility OR source_not_listed"
"MG-145","es","Conductor de tierra principal (mm2)|Conductor_de_tierra_principal_(mm2)","MG-145","mm2","datasheet;memoria;certificado;contrato;estudio","grounding;general","Conductor de tierra principal (mm2)","(?i)Conductor\ de\ tierra\ principal\ \(mm2\)","grounding;Conductor de tierra principal (mm2)","no Conductor de tierra principal (mm2)","normalize_float_0","min=16.0 max=500.0 unit=mm2","NO","NO","NO","value_outside_plausibility OR source_not_listed"
"MG-146","es","Electrodos (jab) cantidad|Electrodos_(jab)_cantidad","MG-146","","datasheet;memoria;certificado;contrato;estudio","grounding;general","Electrodos (jab) cantidad","(?i)Electrodos\ \(jab\)\ cantidad","grounding;Electrodos (jab) cantidad","no Electrodos (jab) cantidad","normalize_integer_0","min=1 max=200 unit=","NO","NO","NO","value_outside_plausibility OR source_not_listed"
"MG-147","es","Nivel de proteccion LPL (IEC 62305)|Nivel_de_proteccion_LPL_(IEC_62305)","MG-147","","datasheet;memoria;certificado;contrato;estudio","lightning;general","Nivel de proteccion LPL (IEC 62305)","(?i)Nivel\ de\ proteccion\ LPL\ \(IEC\ 62305\)","lightning;Nivel de proteccion LPL (IEC 62305)","no Nivel de proteccion LPL (IEC 62305)","normalize_enum_0","min= max=0 unit=","NO","YES","YES","value_outside_plausibility OR source_not_listed"
"MG-148","es","Cantidad de pararrayos|Cantidad_de_pararrayos","MG-148","","datasheet;memoria;certificado;contrato;estudio","lightning;general","Cantidad de pararrayos","(?i)Cantidad\ de\ pararrayos","lightning;Cantidad de pararrayos","no Cantidad de pararrayos","normalize_integer_0","min=1 max=50 unit=","NO","NO","NO","value_outside_plausibility OR source_not_listed"
