field_id,category,name_es,description,data_type,unit,allowed_values,min_value,max_value,precision,requirement_class,required_from_stage,conditional_expression,prohibited_default,expected_source_document,extraction_hints,used_by_calculation_ids,used_by_drawing_ids,blocking_if_missing,review_role,source_ids
PVG-001,site,latitude_deg,Latitud geodésica del centro del sitio en grados decimales,float,deg,"[-90,90]",-90,90,6,PROJECT_MANDATORY,FEASIBILITY,true,true,Coordenadas del título de propiedad o GPS topográfico,Especificar con 6 decimales;WGS84,PVG-C-001;PVG-C-029,PVG-DRW-001;PVG-DRW-002,true,LEAD_ENGINEER_CIVIL,NSRDB_NREL;ISO_19111
PVG-002,site,longitude_deg,Longitud geodésica del centro del sitio en grados decimales,float,deg,"[-180,180]",-180,180,6,PROJECT_MANDATORY,FEASIBILITY,true,true,Coordenadas del título de propiedad o GPS topográfico,Especificar con 6 decimales;WGS84,PVG-C-001;PVG-C-029,PVG-DRW-001;PVG-DRW-002,true,LEAD_ENGINEER_CIVIL,NSRDB_NREL;ISO_19111
PVG-003,site,elevation_masl,Elevación media del sitio sobre el nivel del mar,float,m,"[0,6000]",0,6000,1,PROJECT_MANDATORY,FEASIBILITY,true,true,Estudio topográfico o carta nacional,Dato de altitud;topografía,PVG-C-004;PVG-C-019,PVG-DRW-001;PVG-DRW-002,true,LEAD_ENGINEER_CIVIL,NSRDB_NREL;NASA_POWER
PVG-004,site,timezone_utc_offset,Desfase horario oficial del sitio respecto a UTC,float,h,"[-12,14]",-12,14,1,PROJECT_MANDATORY,FEASIBILITY,true,true,Ubicación geopolítica del sitio,Usar UTC-5 para Perú continental,PVG-C-001;PVG-C-023,PVG-DRW-001;PVG-DRW-015,true,PROJECT_MANAGER,ISO_19111;COES_NCO_2019
PVG-005,site,site_area_m2,Área neta útil del sitio delimitada por cerca perimetral,float,m2,"[1000,100000000]",1000,100000000,1,PROJECT_MANDATORY,FEASIBILITY,true,true,Plano de propiedad o catastro,Restar zone de exclusión; restar caminos internos,PVG-C-023,PVG-DRW-001;PVG-DRW-004,true,LEAD_ENGINEER_CIVIL,ISO_19111;MINAM_DS_019_2009
PVG-006,site,terrain_slope_pct,Pendiente media del terreno en dirección predominante,float,%,"[0,30]",0,30,1,CONDITIONAL,FEASIBILITY,true,false,Estudio topográfico,Si slope>5% requiere seguimiento topográfico,PVG-C-028,PVG-DRW-001;PVG-DRW-009,false,LEAD_ENGINEER_CIVIL,ISO_19111
PVG-007,site,soil_bearing_capacity_kpa,Capacidad de carga admisible del suelo a profundidad de cimentación,float,kPa,"[50,1000]",50,1000,1,PROJECT_MANDATORY,BASIC_ENGINEERING,true,true,Estudio geotécnico,Mecánica de suelos;ensayo SPT o CPT,PVG-C-028,PVG-DRW-009,true,LEAD_ENGINEER_CIVIL,ASME_B31_1_2022;IEEE_80_2013
PVG-008,site,corrosion_aggressiveness_class,Clase de agresividad del suelo al acero enterrado,enum,-,C1_LOW|M3_MEDIUM|C3_HIGH|C4_VERY_HIGH|C5_EXTREME,,,,PROJECT_MANDATORY,BASIC_ENGINEERING,true,true,Estudio geotécnico y de resistividad,Tabla ISO 9223 o NACE,PVG-C-023,PVG-DRW-009;PVG-DRW-010,true,LEAD_ENGINEER_CIVIL,IEC_62548;IEEE_80_2013
PVG-009,site,fence_offset_m,Distancia desde el límite de propiedad hasta la cerca perimetral,float,m,"[0,20]",0,20,0.1,PROJECT_MANDATORY,BASIC_ENGINEERING,true,true,Plano de propiedad y plano de ubicación,Distancia a lindero,PVG-C-023,PVG-DRW-001;PVG-DRW-002,true,LEAD_ENGINEER_CIVIL,MINAM_DS_019_2009;COES_Proyectos_Conexion
PVG-010,site,internal_road_width_m,Ancho de vía interna para O&M,float,m,"[3.5,8]",3.5,8,0.1,PROJECT_MANDATORY,BASIC_ENGINEERING,true,true,Memoria de accesos,Vehículo minisub o camión grúa,PVG-C-023,PVG-DRW-001;PVG-DRW-002,true,LEAD_ENGINEER_CIVIL,NFPA_70_2023;IEEE_C2_2023
PVG-011,resource,ghi_annual_kwh_m2,Irradiancia Global Horizontal promedio anual acumulada,float,kWh/m2,"[800,2600]",800,2600,1,PROJECT_MANDATORY,FEASIBILITY,true,true,Reporte TMY NSRDB o NASA POWER,Suma anual de GHI horaria,PVG-C-001;PVG-C-002;PVG-C-023,PVG-DRW-001;PVG-DRW-015,true,LEAD_ENGINEER_ELECTRICAL,NSRDB_NREL;NASA_POWER;ASTM_C1549
PVG-012,resource,dni_annual_kwh_m2,Irradiancia Directa Normal promedio anual acumulada,float,kWh/m2,"[400,3000]",400,3000,1,PROJECT_MANDATORY,FEASIBILITY,true,true,Reporte TMY NSRDB o NASA POWER,Suma anual de DNI horaria,PVG-C-001;PVG-C-002;PVG-C-023,PVG-DRW-001;PVG-DRW-015,true,LEAD_ENGINEER_ELECTRICAL,NSRDB_NREL;NASA_POWER;ASTM_E891
PVG-013,resource,dhi_annual_kwh_m2,Irradiancia Difusa Horizontal promedio anual acumulada,float,kWh/m2,"[200,1200]",200,1200,1,PROJECT_MANDATORY,FEASIBILITY,true,true,Reporte TMY NSRDB o NASA POWER,Suma anual de DHI horaria,PVG-C-001;PVG-C-002;PVG-C-023,PVG-DRW-001;PVG-DRW-015,true,LEAD_ENGINEER_ELECTRICAL,NSRDB_NREL;NASA_POWER
PVG-014,resource,ambient_temp_annual_avg_c,Temperatura ambiente media anual diurna,float,°C,"[-40,55]",-40,55,0.1,PROJECT_MANDATORY,FEASIBILITY,true,true,TMY NSRDB o NASA POWER,Promedio anual T2m,PVG-C-004;PVG-C-019,PVG-DRW-001;PVG-DRW-015,true,LEAD_ENGINEER_ELECTRICAL,NSRDB_NREL;NASA_POWER
PVG-015,resource,ambient_temp_min_c,Temperatura ambiente mínima extrema en registro 10 años,float,°C,"[-60,30]",-60,30,0.1,PROJECT_MANDATORY,BASIC_ENGINEERING,true,true,TMY o serie histórica NOAA/NASA,Usar para V_oc máxima en frío,PVG-C-007,PVG-DRW-015,true,LEAD_ENGINEER_ELECTRICAL,NSRDB_NREL;NASA_POWER;IEC_62548
PVG-016,resource,ambient_temp_max_c,Temperatura ambiente máxima extrema en registro 10 años,float,°C,"[10,60]",10,60,0.1,PROJECT_MANDATORY,BASIC_ENGINEERING,true,true,TMY o serie histórica NOAA/NASA,Usar para V_mpp mínima en calor,PVG-C-006;PVG-C-019,PVG-DRW-015,true,LEAD_ENGINEER_ELECTRICAL,NSRDB_NREL;NASA_POWER;IEC_62548
PVG-017,resource,wind_speed_annual_avg_ms,Velocidad de viento media anual a 10 m,float,m/s,"[0,15]",0,15,0.01,PROJECT_MANDATORY,FEASIBILITY,true,true,TMY NSRDB o NASA POWER,Promedio anual de V10m,PVG-C-004;PVG-C-019,PVG-DRW-015,true,LEAD_ENGINEER_ELECTRICAL,NSRDB_NREL;NASA_POWER;IEC_62938
PVG-018,resource,albedo,Albedo del terreno superficial promedio anual,float,-,"[0,1]",0,1,0.01,CONDITIONAL,BASIC_ENGINEERING,module_bifaciality_factor>0,true,TMY NSRDB MERRA-2 o medidas de campo,Solo relevante para módulos bifaciales,PVG-C-001;PVG-C-023,PVG-DRW-015,false,LEAD_ENGINEER_ELECTRICAL,NSRDB_NREL;NREL_SAM_2024
PVG-019,resource,soiling_loss_pct,Pérdida por ensuciamiento promedio anual,float,%,"[0,30]",0,30,0.1,PROJECT_MANDATORY,BASIC_ENGINEERING,true,true,Estudio de soiling regional o histórico,Incluye polvo;nieve;sombras de aves,PVG-C-018;PVG-C-023;PVG-C-025,PVG-DRW-015,true,LEAD_ENGINEER_ELECTRICAL,IEC_61724_1;IEC_TS_63049
PVG-020,resource,shading_horizon_profile,Perfil azimutal de obstáculos que proyectan sombra al array,array,-,"JSON array of {azimuth_deg, elevation_deg}",,,,CONDITIONAL,BASIC_ENGINEERING,obstacles_near_site==true,true,Levantamiento solarimétrico con horizonte digital,Aplicar a sombreado transversal y axial,PVG-C-017,PVG-DRW-004;PVG-DRW-014,false,LEAD_ENGINEER_ELECTRICAL,IEC_62548;NREL_SAM_2024
PVG-021,resource,snow_load_kn_m2,Carga de nieve extrema del sitio,float,kN/m2,"[0,5]",0,5,0.01,CONDITIONAL,BASIC_ENGINEERING,climate_zone contains SNOW,true,Código de construcción local o IEC 62938,Carga deslizante sobre módulos,PVG-C-030,PVG-DRW-010;PVG-DRW-014,false,LEAD_ENGINEER_CIVIL,IEC_62938;ASME_BPVC_VIII_1_2023
PVG-022,resource,wind_exposure_category,Categoría de exposición al viento según ASCE 7 / IEC 62938,enum,-,B|C|D,,,,PROJECT_MANDATORY,BASIC_ENGINEERING,true,true,Estudio meteorológico o carta de rugosidad,B urbano;C rural abierto;D costero,PVG-C-030,PVG-DRW-010;PVG-DRW-014,true,LEAD_ENGINEER_CIVIL,IEC_62938;ASME_BPVC_VIII_1_2023
PVG-023,grid,grid_poc_voltage_kv,Tensión nominal en el punto de conexión AC,float,kV,"[0.22,500]",0.22,500,0.01,PROJECT_MANDATORY,FEASIBILITY,true,true,Contrato de conexión COES o concesionaria,Operador de red;POC,PVG-C-013;PVG-C-027,PVG-DRW-008;PVG-DRW-007,true,LEAD_ENGINEER_ELECTRICAL,IEEE_1547_2018;COES_Proyectos_Conexion
PVG-024,grid,grid_poc_frequency_hz,Frecuencia nominal del sistema eléctrico,float,Hz,"[50,60]",50,60,0.01,PROJECT_MANDATORY,FEASIBILITY,true,true,Contrato de conexión o código de red,50 Hz o 60 Hz,PVG-C-025,PVG-DRW-008;PVG-DRW-015,true,LEAD_ENGINEER_ELECTRICAL,IEEE_1547_2018;COES_NCO_2019
PVG-025,grid,grid_short_circuit_capacity_mva,Potencia de cortocircuito trifásica en el POC,float,MVA,"[1,10000]",1,10000,1,PROJECT_MANDATORY,BASIC_ENGINEERING,true,true,Estudio de flujo de carga del operador o reporte de corto,Usar para SCR y armónicos,PVG-C-027,PVG-DRW-008,true,LEAD_ENGINEER_ELECTRICAL,IEEE_1547_2018;IEEE_519_2022;COES_NCO_2019
PVG-026,grid,grid_scr_ratio,Short Circuit Ratio del parque en el POC,float,-,"[1,100]",1,100,0.1,PROJECT_MANDATORY,BASIC_ENGINEERING,true,true,Calculado como SCC/Grid_capacity,Si SCR<3 requiere estudio de estabilidad,PVG-C-027,PVG-DRW-008,true,LEAD_ENGINEER_ELECTRICAL,IEEE_1547_2018;IEEE_519_2022
PVG-027,grid,grid_x_r_ratio,Relación X/R de la red en el POC,float,-,"[1,30]",1,30,0.1,CONDITIONAL,DETAILED_ENGINEERING,grid_scr_ratio<10,true,Estudio de flujo de carga,Afecta coordinación de protecciones,PVG-C-023,PVG-DRW-008,false,LEAD_ENGINEER_ELECTRICAL,IEEE_1547_2018;IEEE_C2_2023
PVG-028,grid,grid_harmonic_thd_limit_pct,Límite de distorsión armónica total de corriente permitido,float,%,"[1,8]",1,8,0.1,PROJECT_MANDATORY,BASIC_ENGINEERING,true,true,Código de red del operador,IEEE 519 TDD,PVG-C-023,PVG-DRW-008;PVG-DRW-015,true,LEAD_ENGINEER_ELECTRICAL,IEEE_519_2022;COES_NCO_2019
PVG-029,grid,anti_islanding_required,Requisito de protección anti-isla activa o pasiva,boolean,-,true|false,,,,PROJECT_MANDATORY,BASIC_ENGINEERING,true,true,Contrato de conexión,Requerido por IEEE 1547,PVG-C-023,PVG-DRW-008;PVG-DRW-015,true,LEAD_ENGINEER_ELECTRICAL,IEEE_1547_2018;IEC_62116
PVG-030,grid,reactive_power_range_pct,Banda de potencia reactiva exigida en el POC,array,-,"JSON [min_ind_pct, max_cap_pct]",-50,50,1,PROJECT_MANDATORY,BASIC_ENGINEERING,true,true,Contrato de conexión,"Ejemplo: [-0.33,0.33]",PVG-C-023,PVG-DRW-008;PVG-DRW-015,true,LEAD_ENGINEER_ELECTRICAL,IEEE_1547_2018;COES_NCO_2019
PVG-031,module,module_technology_class,Clase de tecnología del módulo fotovoltaico,enum,-,PV_MODULE_MONOCRYSTALLINE|PV_MODULE_POLYCRYSTALLINE|PV_MODULE_THIN_FILM_CIGS|PV_MODULE_THIN_FILM_CdTe|PV_MODULE_HETEROJUNCTION,,,,PROHIBITED_TO_ASSUME,BASIC_ENGINEERING,true,true,Datasheet del módulo del fabricante,Tipo de célula;silicio mono o TF,PVG-C-005;PVG-C-021,PVG-DRW-010;PVG-DRW-014,true,LEAD_ENGINEER_ELECTRICAL,IEC_61215_1;IEC_61730_1;IEC_61730_2;IEC_60904_3;IEC_61853_1;IEC_61853_2;IEC_61853_4
PVG-032,module,module_rated_power_wp_stc,Potencia pico nominal en STC (1000 W/m2; AM1.5G; 25°C),float,Wp,"[100,700]",100,700,0.01,PROHIBITED_TO_ASSUME,BASIC_ENGINEERING,true,true,Datasheet IEC 61215-1 / IEC 61730,Tolerancia de potencia +-3%,PVG-C-005;PVG-C-010;PVG-C-023,PVG-DRW-005;PVG-DRW-008,true,LEAD_ENGINEER_ELECTRICAL,IEC_61215_1;IEC_61730_1;IEC_61730_2;IEC_60904_3;IEC_61853_1;IEC_61853_2;IEC_61853_4
PVG-033,module,module_vmp_v,Tensión en el punto de máxima potencia en STC,float,V,"[15,90]",15,90,0.01,PROHIBITED_TO_ASSUME,BASIC_ENGINEERING,true,true,Datasheet IEC 60904-3,Vmp a STC,PVG-C-006,PVG-DRW-005;PVG-DRW-008,true,LEAD_ENGINEER_ELECTRICAL,IEC_61215_1;IEC_61730_1;IEC_61730_2;IEC_60904_3;IEC_61853_1;IEC_61853_2;IEC_61853_4
PVG-034,module,module_imp_a,Corriente en el punto de máxima potencia en STC,float,A,"[3,25]",3,25,0.001,PROHIBITED_TO_ASSUME,BASIC_ENGINEERING,true,true,Datasheet IEC 60904-3,Imp a STC,PVG-C-008,PVG-DRW-005;PVG-DRW-008,true,LEAD_ENGINEER_ELECTRICAL,IEC_61215_1;IEC_61730_1;IEC_61730_2;IEC_60904_3;IEC_61853_1;IEC_61853_2;IEC_61853_4
PVG-035,module,module_voc_v,Tensión de circuito abierto en STC,float,V,"[20,100]",20,100,0.01,PROHIBITED_TO_ASSUME,BASIC_ENGINEERING,true,true,Datasheet IEC 60904-3,Voc a STC,PVG-C-007,PVG-DRW-005;PVG-DRW-008,true,LEAD_ENGINEER_ELECTRICAL,IEC_61215_1;IEC_61730_1;IEC_61730_2;IEC_60904_3;IEC_61853_1;IEC_61853_2;IEC_61853_4
PVG-036,module,module_isc_a,Corriente de cortocircuito en STC,float,A,"[3,25]",3,25,0.001,PROHIBITED_TO_ASSUME,BASIC_ENGINEERING,true,true,Datasheet IEC 60904-3,Isc a STC,PVG-C-009,PVG-DRW-005;PVG-DRW-008,true,LEAD_ENGINEER_ELECTRICAL,IEC_61215_1;IEC_61730_1;IEC_61730_2;IEC_60904_3;IEC_61853_1;IEC_61853_2;IEC_61853_4
PVG-037,module,module_temp_coeff_voc_v_per_c,Coeficiente de temperatura de Voc,float,V/°C,"[-0.5,-0.01]",-0.5,-0.01,0.0001,PROHIBITED_TO_ASSUME,BASIC_ENGINEERING,true,true,Datasheet IEC 60904-7 / IEC 61853,Beta_vc;usualmente negativo,PVG-C-007,PVG-DRW-005;PVG-DRW-008,true,LEAD_ENGINEER_ELECTRICAL,IEC_61215_1;IEC_61730_1;IEC_61730_2;IEC_60904_3;IEC_61853_1;IEC_61853_2;IEC_61853_4;IEC_60904_7
PVG-038,module,module_temp_coeff_pmax_pct_per_c,Coeficiente de temperatura de Pmax,float,%/°C,"[-0.6,-0.1]",-0.6,-0.1,0.001,PROHIBITED_TO_ASSUME,BASIC_ENGINEERING,true,true,Datasheet IEC 61853-1,Gamma_pmp,PVG-C-005;PVG-C-019,PVG-DRW-014;PVG-DRW-015,true,LEAD_ENGINEER_ELECTRICAL,IEC_61215_1;IEC_61730_1;IEC_61730_2;IEC_60904_3;IEC_61853_1;IEC_61853_2;IEC_61853_4;IEC_61853_1
PVG-039,module,module_temp_coeff_isc_a_per_c,Coeficiente de temperatura de Isc,float,A/°C,"[0,0.05]",0,0.05,1e-05,PROHIBITED_TO_ASSUME,BASIC_ENGINEERING,true,true,Datasheet IEC 60904-7,Alpha_sc,PVG-C-009,PVG-DRW-005,true,LEAD_ENGINEER_ELECTRICAL,IEC_61215_1;IEC_61730_1;IEC_61730_2;IEC_60904_3;IEC_61853_1;IEC_61853_2;IEC_61853_4;IEC_60904_7
PVG-040,module,module_length_mm,Longitud del módulo,float,mm,"[1000,2500]",1000,2500,1,PROHIBITED_TO_ASSUME,BASIC_ENGINEERING,true,true,Datasheet IEC 61730-1,Dimensión externa,PVG-C-001;PVG-C-017,PVG-DRW-004;PVG-DRW-010,true,LEAD_ENGINEER_ELECTRICAL,IEC_61215_1;IEC_61730_1;IEC_61730_2;IEC_60904_3;IEC_61853_1;IEC_61853_2;IEC_61853_4;IEC_61730_1
PVG-041,module,module_width_mm,Ancho del módulo,float,mm,"[500,1500]",500,1500,1,PROHIBITED_TO_ASSUME,BASIC_ENGINEERING,true,true,Datasheet IEC 61730-1,Dimensión externa,PVG-C-001;PVG-C-017,PVG-DRW-004;PVG-DRW-010,true,LEAD_ENGINEER_ELECTRICAL,IEC_61215_1;IEC_61730_1;IEC_61730_2;IEC_60904_3;IEC_61853_1;IEC_61853_2;IEC_61853_4;IEC_61730_1
PVG-042,module,module_area_m2,Área activa del módulo,float,m2,"[0.5,3]",0.5,3,0.001,DERIVABLE,BASIC_ENGINEERING,true,false,Calculado como largo x ancho / 1e6,Auto-derived desde module_length * module_width / 1e6,PVG-C-023;PVG-C-010,PVG-DRW-004,false,LEAD_ENGINEER_ELECTRICAL,IEC_61215_1;IEC_61730_1;IEC_61730_2;IEC_60904_3;IEC_61853_1;IEC_61853_2;IEC_61853_4
PVG-043,module,module_weight_kg,Masa del módulo,float,kg,"[10,40]",10,40,0.01,PROHIBITED_TO_ASSUME,BASIC_ENGINEERING,true,true,Datasheet IEC 61730-1,Carga muerta en estructura,PVG-C-017,PVG-DRW-010;PVG-DRW-009,true,LEAD_ENGINEER_CIVIL,IEC_61215_1;IEC_61730_1;IEC_61730_2;IEC_60904_3;IEC_61853_1;IEC_61853_2;IEC_61853_4;IEC_61730_1
PVG-044,module,module_bifaciality_factor,Factor de bifacialidad del módulo,float,-,"[0,1]",0,1,0.001,CONDITIONAL,BASIC_ENGINEERING,"module_technology_class in [PV_MODULE_HETEROJUNCTION, PV_MODULE_MONOCRYSTALLINE]",true,Datasheet del fabricante,Solo si módulo bifacial,PVG-C-001;PVG-C-023,PVG-DRW-014;PVG-DRW-015,false,LEAD_ENGINEER_ELECTRICAL,IEC_61215_1;IEC_61730_1;IEC_61730_2;IEC_60904_3;IEC_61853_1;IEC_61853_2;IEC_61853_4;IEC_TS_63049
PVG-045,module,module_iam_coefficients,Coeficientes IAM (b0..b5) del modelo ASHRAE/Sandia,array,-,"JSON [b0,b1,b2,b3,b4,b5]",,,,PROHIBITED_TO_ASSUME,DETAILED_ENGINEERING,true,true,Datasheet o informe IAM IEC 61853-2,Pérdida por ángulo de incidencia,PVG-C-003;PVG-C-023,PVG-DRW-015,true,LEAD_ENGINEER_ELECTRICAL,IEC_61215_1;IEC_61730_1;IEC_61730_2;IEC_60904_3;IEC_61853_1;IEC_61853_2;IEC_61853_4;IEC_61853_2;IEC_61853_4
PVG-046,module,module_bypass_diodes_count,Número de diodos de bypass por módulo,int,-,"[1,6]",1,6,,PROHIBITED_TO_ASSUME,BASIC_ENGINEERING,true,true,Datasheet IEC TS 63209,Afecta pérdidas por sombra parcial,PVG-C-017;PVG-C-020,PVG-DRW-014,true,LEAD_ENGINEER_ELECTRICAL,IEC_61215_1;IEC_61730_1;IEC_61730_2;IEC_60904_3;IEC_61853_1;IEC_61853_2;IEC_61853_4;IEC_TS_63209
PVG-047,string,modules_per_string,Número de módulos en serie por string,int,-,"[8,40]",8,40,,DERIVABLE,BASIC_ENGINEERING,true,false,Cálculo de sizing IEC 62548,V_mp operación > V_mppt_min;V_oc en frío < V_dc_max,PVG-C-006;PVG-C-007,PVG-DRW-005;PVG-DRW-006,false,LEAD_ENGINEER_ELECTRICAL,IEC_62548;IEC_60364_7_712
PVG-048,string,strings_per_mppt,Número de strings en paralelo por canal MPPT,int,-,"[1,200]",1,200,,DERIVABLE,BASIC_ENGINEERING,true,false,Cálculo de sizing IEC 62548,I_sc_paralelo < I_dc_max_mppt,PVG-C-008;PVG-C-009,PVG-DRW-005;PVG-DRW-006,false,LEAD_ENGINEER_ELECTRICAL,IEC_62548
PVG-049,string,parallel_strings_per_inverter,Total de strings paralelos conectados al inversor,int,-,"[1,500]",1,500,,DERIVABLE,BASIC_ENGINEERING,true,false,Suma de strings en todos los MPPT,,PVG-C-010;PVG-C-011,PVG-DRW-005;PVG-DRW-008,false,LEAD_ENGINEER_ELECTRICAL,IEC_62548;IEC_60364_7_712
PVG-050,string,string_layout_orientation,Orientación del string en el arreglo,enum,-,LANDSCAPE|PORTRAIT,,,,PROHIBITED_TO_ASSUME,BASIC_ENGINEERING,true,true,Memoria de diseño,Afecta configuración mecánica,PVG-C-006;PVG-C-017,PVG-DRW-004;PVG-DRW-005;PVG-DRW-010,true,LEAD_ENGINEER_CIVIL,IEC_62548
PVG-051,string,string_box_protection_class_ip,Grado IP de la caja de conexiones DC,enum,-,IPXY con X>=5;Y>=4,,,,PROHIBITED_TO_ASSUME,DETAILED_ENGINEERING,true,true,Datasheet de string box,IEC 60529,PVG-C-023,PVG-DRW-006;PVG-DRW-013,true,LEAD_ENGINEER_ELECTRICAL,IEC_60529;IEC_62817
PVG-052,inverter,inverter_topology_class,Clase de topología del inversor,enum,-,STRING_CENTRAL|STRING_DISTRIBUTED|CENTRAL_DCDC|MICROINVERTER,,,,PROHIBITED_TO_ASSUME,BASIC_ENGINEERING,true,true,Memoria de diseño,Afecta arquitectura DC,PVG-C-010;PVG-C-011,PVG-DRW-005;PVG-DRW-008;PVG-DRW-015,true,LEAD_ENGINEER_ELECTRICAL,IEC_62109_1;IEC_62109_2;IEC_62116;UL_1741;IEEE_1547_2018;IEEE_1547_1
PVG-053,inverter,inverter_dc_input_vmax_v,Tensión DC máxima admisible del inversor,float,V,"[500,2000]",500,2000,1,PROHIBITED_TO_ASSUME,BASIC_ENGINEERING,true,true,Datasheet IEC 62109-1,V_dc_max absoluto,PVG-C-007,PVG-DRW-005;PVG-DRW-008,true,LEAD_ENGINEER_ELECTRICAL,IEC_62109_1;IEC_62109_2;IEC_62116;UL_1741;IEEE_1547_2018;IEEE_1547_1
PVG-054,inverter,inverter_dc_input_vmin_v,Tensión DC mínima de MPPT del inversor,float,V,"[200,1000]",200,1000,1,PROHIBITED_TO_ASSUME,BASIC_ENGINEERING,true,true,Datasheet IEC 62109-1,V_mppt_min,PVG-C-006;PVG-C-016,PVG-DRW-005;PVG-DRW-008,true,LEAD_ENGINEER_ELECTRICAL,IEC_62109_1;IEC_62109_2;IEC_62116;UL_1741;IEEE_1547_2018;IEEE_1547_1
PVG-055,inverter,inverter_dc_input_vmax_mppt_v,Tensión DC máxima de operación MPPT,float,V,"[500,1500]",500,1500,1,PROHIBITED_TO_ASSUME,BASIC_ENGINEERING,true,true,Datasheet IEC 62109-1,V_mppt_max,PVG-C-006;PVG-C-011,PVG-DRW-005;PVG-DRW-008,true,LEAD_ENGINEER_ELECTRICAL,IEC_62109_1;IEC_62109_2;IEC_62116;UL_1741;IEEE_1547_2018;IEEE_1547_1
PVG-056,inverter,inverter_mppt_channels,Número de canales MPPT del inversor,int,-,"[1,12]",1,12,,PROHIBITED_TO_ASSUME,BASIC_ENGINEERING,true,true,Datasheet,Afecta número de strings por canal,PVG-C-016;PVG-C-010,PVG-DRW-005;PVG-DRW-008,true,LEAD_ENGINEER_ELECTRICAL,IEC_62109_1;IEC_62109_2;IEC_62116;UL_1741;IEEE_1547_2018;IEEE_1547_1
PVG-057,inverter,inverter_dc_input_imax_per_mppt_a,Corriente DC máxima admisible por MPPT,float,A,"[10,200]",10,200,0.1,PROHIBITED_TO_ASSUME,BASIC_ENGINEERING,true,true,Datasheet IEC 62109-1,I_dc_max_mppt,PVG-C-008;PVG-C-014,PVG-DRW-005;PVG-DRW-006,true,LEAD_ENGINEER_ELECTRICAL,IEC_62109_1;IEC_62109_2;IEC_62116;UL_1741;IEEE_1547_2018;IEEE_1547_1
PVG-058,inverter,inverter_dc_input_isc_max_a,Corriente de cortocircuito DC máxima admisible,float,A,"[10,400]",10,400,0.1,PROHIBITED_TO_ASSUME,BASIC_ENGINEERING,true,true,Datasheet IEC 62109-1,I_sc_max_in,PVG-C-009,PVG-DRW-005;PVG-DRW-006,true,LEAD_ENGINEER_ELECTRICAL,IEC_62109_1;IEC_62109_2;IEC_62116;UL_1741;IEEE_1547_2018;IEEE_1547_1
PVG-059,inverter,inverter_ac_output_rated_power_kva,Potencia aparente nominal AC del inversor,float,kVA,"[3,5000]",3,5000,0.1,PROHIBITED_TO_ASSUME,BASIC_ENGINEERING,true,true,Datasheet UL 1741 / IEC 62109,S_rated,PVG-C-010;PVG-C-011;PVG-C-023,PVG-DRW-007;PVG-DRW-008,true,LEAD_ENGINEER_ELECTRICAL,IEC_62109_1;IEC_62109_2;IEC_62116;UL_1741;IEEE_1547_2018;IEEE_1547_1
PVG-060,inverter,inverter_ac_output_rated_current_a,Corriente AC nominal del inversor,float,A,"[5,8000]",5,8000,0.1,DERIVABLE,BASIC_ENGINEERING,true,false,Calculado como S_rated/(sqrt(3)*V_AC) para trifásico,,PVG-C-013;PVG-C-015,PVG-DRW-007;PVG-DRW-008,false,LEAD_ENGINEER_ELECTRICAL,IEC_62109_1;IEC_62109_2;IEC_62116;UL_1741;IEEE_1547_2018;IEEE_1547_1
PVG-061,inverter,inverter_max_efficiency_pct,Eficiencia pico del inversor,float,%,"[90,99.5]",90,99.5,0.01,PROHIBITED_TO_ASSUME,BASIC_ENGINEERING,true,true,Datasheet IEC 62894,Eta_max,PVG-C-023;PVG-C-025,PVG-DRW-015,true,LEAD_ENGINEER_ELECTRICAL,IEC_62109_1;IEC_62109_2;IEC_62116;UL_1741;IEEE_1547_2018;IEEE_1547_1;IEC_62894
PVG-062,inverter,inverter_euro_efficiency_pct,Eficiencia ponderada europea del inversor,float,%,"[88,99]",88,99,0.01,PROHIBITED_TO_ASSUME,BASIC_ENGINEERING,true,true,Datasheet IEC 62894,Eta_euro,PVG-C-023;PVG-C-025,PVG-DRW-015,true,LEAD_ENGINEER_ELECTRICAL,IEC_62109_1;IEC_62109_2;IEC_62116;UL_1741;IEEE_1547_2018;IEEE_1547_1;IEC_62894
PVG-063,inverter,inverter_clipping_enabled,Indicador de clipping activado en el inversor,boolean,-,true|false,,,,CONDITIONAL,DETAILED_ENGINEERING,inverter_dc_ac_ratio>1.0,true,Configuración firmware del inversor,Habilita pérdida por clipping,PVG-C-011;PVG-C-023,PVG-DRW-015,false,LEAD_ENGINEER_ELECTRICAL,IEC_62109_1;IEC_62109_2;IEC_62116;UL_1741;IEEE_1547_2018;IEEE_1547_1
PVG-064,cable_dc,dc_string_cable_section_mm2,Sección del cable DC de string,float,mm2,"[2.5,10]",2.5,10,0.1,PROHIBITED_TO_ASSUME,DETAILED_ENGINEERING,true,true,Memoria eléctrica y catálogo,Calculada por ampacity y caída,PVG-C-012;PVG-C-014,PVG-DRW-006;PVG-DRW-013,true,LEAD_ENGINEER_ELECTRICAL,IEC_60287_1_1;IEC_62894;IEEE_835;NFPA_70_2023;IEC_62548
PVG-065,cable_dc,dc_string_cable_length_m,Longitud media del cable DC de string,float,m,"[5,500]",5,500,0.1,DERIVABLE,DETAILED_ENGINEERING,true,false,Calculada desde string box hasta inversor,,PVG-C-012,PVG-DRW-006;PVG-DRW-013,false,LEAD_ENGINEER_ELECTRICAL,IEC_60287_1_1;IEC_62894;IEEE_835;NFPA_70_2023;IEC_62548
PVG-066,cable_dc,dc_string_cable_insulation_rating_v,Tensión de aislamiento del cable DC,float,V,"[1000,3000]",1000,3000,50,PROHIBITED_TO_ASSUME,BASIC_ENGINEERING,true,true,Datasheet de cable PV,IEC 62894; clase de aislamiento,PVG-C-012,PVG-DRW-006;PVG-DRW-013,true,LEAD_ENGINEER_ELECTRICAL,IEC_60287_1_1;IEC_62894;IEEE_835;NFPA_70_2023;IEC_62894
PVG-067,cable_dc,dc_string_cable_ampacity_a,Capacidad de corriente del cable DC a 30°C ambiente,float,A,"[10,100]",10,100,0.1,DERIVABLE,DETAILED_ENGINEERING,true,false,Catálogo IEC 60287 o IEEE 835,Se corrige por temperatura,PVG-C-014;PVG-C-012,PVG-DRW-006;PVG-DRW-013,false,LEAD_ENGINEER_ELECTRICAL,IEC_60287_1_1;IEC_62894;IEEE_835;NFPA_70_2023
PVG-068,cable_dc,dc_string_cable_voltage_drop_pct,Caída de tensión porcentual del string,float,%,"[0,3]",0,3,0.01,DERIVABLE,DETAILED_ENGINEERING,true,false,Calculada como rho*L*I/(V*A)*100,,PVG-C-012,PVG-DRW-006;PVG-DRW-013,false,LEAD_ENGINEER_ELECTRICAL,IEC_60287_1_1;IEC_62894;IEEE_835;NFPA_70_2023;IEC_62548
PVG-069,cable_dc,dc_home_run_cable_section_mm2,Sección del cable DC troncal (home run),float,mm2,"[6,240]",6,240,0.1,PROHIBITED_TO_ASSUME,DETAILED_ENGINEERING,true,true,Memoria eléctrica y catálogo,,PVG-C-012;PVG-C-014,PVG-DRW-006;PVG-DRW-013,true,LEAD_ENGINEER_ELECTRICAL,IEC_60287_1_1;IEC_62894;IEEE_835;NFPA_70_2023;IEC_62548
PVG-070,cable_ac,ac_inverter_cable_section_mm2,Sección del cable AC del inversor a la celda de media tensión,float,mm2,"[6,500]",6,500,0.1,PROHIBITED_TO_ASSUME,DETAILED_ENGINEERING,true,true,Memoria eléctrica y catálogo,Cable LV 0.6/1kV,PVG-C-013;PVG-C-015,PVG-DRW-007;PVG-DRW-013,true,LEAD_ENGINEER_ELECTRICAL,IEC_60287_1_1;IEC_62894;IEEE_835;NFPA_70_2023;IEC_60364_7_712
PVG-071,cable_ac,ac_inverter_cable_length_m,Longitud del cable AC desde inversor al primer tablero,float,m,"[5,2000]",5,2000,0.1,DERIVABLE,DETAILED_ENGINEERING,true,false,Ruteo topográfico,,PVG-C-013,PVG-DRW-007;PVG-DRW-013,false,LEAD_ENGINEER_ELECTRICAL,IEC_60287_1_1;IEC_62894;IEEE_835;NFPA_70_2023;IEC_62548
PVG-072,cable_ac,ac_inverter_cable_voltage_drop_pct,Caída de tensión porcentual del cable AC,float,%,"[0,3]",0,3,0.01,DERIVABLE,DETAILED_ENGINEERING,true,false,Calculada por IEC 60287,,PVG-C-013,PVG-DRW-007;PVG-DRW-013,false,LEAD_ENGINEER_ELECTRICAL,IEC_60287_1_1;IEC_62894;IEEE_835;NFPA_70_2023;IEC_62548
PVG-073,cable_ac,ac_collection_voltage_v,Tensión de colección AC del parque,float,V,"[208,690]",208,690,1,PROHIBITED_TO_ASSUME,BASIC_ENGINEERING,true,true,Memoria de diseño,Tensión LV del sistema,PVG-C-013;PVG-C-015,PVG-DRW-007;PVG-DRW-008,true,LEAD_ENGINEER_ELECTRICAL,IEEE_1547_2018;IEEE_519_2022;IEEE_C2_2023;COES_NCO_2019;COES_Proyectos_Conexion;IEC_60364_7_712
PVG-074,cable_mv,mv_collection_voltage_kv,Tensión de colección en media tensión,float,kV,"[10,66]",10,66,0.1,PROHIBITED_TO_ASSUME,BASIC_ENGINEERING,true,true,Memoria de diseño,MT seleccionada por tamaño del parque,PVG-C-027,PVG-DRW-007;PVG-DRW-008,true,LEAD_ENGINEER_ELECTRICAL,IEEE_1547_2018;IEEE_519_2022;IEEE_C2_2023;COES_NCO_2019;COES_Proyectos_Conexion;IEEE_1547_2018
PVG-075,cable_mv,mv_cable_section_mm2,Sección del cable de media tensión,float,mm2,"[35,1000]",35,1000,1,PROHIBITED_TO_ASSUME,DETAILED_ENGINEERING,true,true,Memoria eléctrica y catálogo,,PVG-C-013;PVG-C-015,PVG-DRW-007;PVG-DRW-013,true,LEAD_ENGINEER_ELECTRICAL,IEC_60287_1_1;IEC_62894;IEEE_835;NFPA_70_2023;IEEE_C2_2023
PVG-076,cable_mv,mv_cable_insulation_type,Tipo de aislamiento del cable MV,enum,-,XLPE|EPR|PVC,,,,PROHIBITED_TO_ASSUME,DETAILED_ENGINEERING,true,true,Datasheet del cable,,PVG-C-013;PVG-C-015,PVG-DRW-007;PVG-DRW-013,true,LEAD_ENGINEER_ELECTRICAL,IEC_60287_1_1;IEC_62894;IEEE_835;NFPA_70_2023;IEEE_C2_2023
PVG-077,transformer,transformer_lv_kv,Tensión del lado LV del transformador,float,kV,"[0.208,1]",0.208,1,0.001,PROHIBITED_TO_ASSUME,BASIC_ENGINEERING,true,true,Memoria eléctrica,Coincide con ac_collection_voltage,PVG-C-013;PVG-C-027,PVG-DRW-007;PVG-DRW-008,true,LEAD_ENGINEER_ELECTRICAL,IEEE_1547_2018;IEEE_519_2022;IEEE_C2_2023;COES_NCO_2019;COES_Proyectos_Conexion;IEEE_1547_2018
PVG-078,transformer,transformer_mv_kv,Tensión del lado MV del transformador,float,kV,"[10,66]",10,66,0.1,PROHIBITED_TO_ASSUME,BASIC_ENGINEERING,true,true,Memoria eléctrica,Coincide con mv_collection_voltage,PVG-C-013;PVG-C-027,PVG-DRW-007;PVG-DRW-008,true,LEAD_ENGINEER_ELECTRICAL,IEEE_1547_2018;IEEE_519_2022;IEEE_C2_2023;COES_NCO_2019;COES_Proyectos_Conexion;IEEE_1547_2018
PVG-079,transformer,transformer_rated_power_kva,Potencia aparente nominal del transformador,float,kVA,"[30,10000]",30,10000,1,PROHIBITED_TO_ASSUME,BASIC_ENGINEERING,true,true,Datasheet del transformador,,PVG-C-013;PVG-C-027,PVG-DRW-007;PVG-DRW-008,true,LEAD_ENGINEER_ELECTRICAL,IEEE_1547_2018;IEEE_519_2022;IEEE_C2_2023;COES_NCO_2019;COES_Proyectos_Conexion;IEEE_1547_2018
PVG-080,transformer,transformer_impedance_pct,Impedancia de cortocircuito del transformador,float,%,"[3,12]",3,12,0.01,PROHIBITED_TO_ASSUME,DETAILED_ENGINEERING,true,true,Datasheet del transformador,Usar para coordinación de protecciones,PVG-C-027,PVG-DRW-008,true,LEAD_ENGINEER_ELECTRICAL,IEEE_1547_2018;IEEE_519_2022;IEEE_C2_2023;COES_NCO_2019;COES_Proyectos_Conexion;IEEE_C2_2023
PVG-081,transformer,transformer_vector_group,Grupo de conexión del transformador,enum,-,Dyn11|YNd11|Yyn0|Dd0|YNyn0,,,,PROHIBITED_TO_ASSUME,DETAILED_ENGINEERING,true,true,Datasheet del transformador,Afecta aterramiento y protecciones,PVG-C-023,PVG-DRW-008,true,LEAD_ENGINEER_ELECTRICAL,IEEE_1547_2018;IEEE_519_2022;IEEE_C2_2023;COES_NCO_2019;COES_Proyectos_Conexion;IEEE_1547_2018
PVG-082,protection_dc,dc_string_fuse_rating_a,Corriente nominal del fusible DC de string,float,A,"[10,40]",10,40,0.5,PROHIBITED_TO_ASSUME,DETAILED_ENGINEERING,true,true,Catálogo de fusibles DC,IEC 62548 sizing,PVG-C-014;PVG-C-009,PVG-DRW-006;PVG-DRW-008,true,LEAD_ENGINEER_ELECTRICAL,IEC_62548;IEC_60364_7_712
PVG-083,protection_dc,dc_string_breaker_rating_a,Corriente nominal del breaker DC de string,float,A,"[10,200]",10,200,1,PROHIBITED_TO_ASSUME,DETAILED_ENGINEERING,true,true,Catálogo de breakers DC,,PVG-C-014;PVG-C-009,PVG-DRW-006;PVG-DRW-008,true,LEAD_ENGINEER_ELECTRICAL,IEC_62548;IEC_60364_7_712
PVG-084,protection_dc,dc_spd_type_class,Tipo y clase del SPD DC,enum,-,TYPE1|TYPE1_2|TYPE2,,,,PROHIBITED_TO_ASSUME,DETAILED_ENGINEERING,true,true,Catálogo de SPD,IEC 61643-11,PVG-C-023,PVG-DRW-008;PVG-DRW-012,true,LEAD_ENGINEER_ELECTRICAL,IEC_61643_11;IEC_60364_7_712;NFPA_780_2023
PVG-085,protection_ac,ac_breaker_rating_a,Corriente nominal del breaker AC principal,float,A,"[40,6300]",40,6300,1,PROHIBITED_TO_ASSUME,DETAILED_ENGINEERING,true,true,Catálogo de breakers AC,Coordinación con transformador,PVG-C-015;PVG-C-027,PVG-DRW-008,true,LEAD_ENGINEER_ELECTRICAL,IEEE_1547_2018;IEEE_519_2022;IEEE_C2_2023;COES_NCO_2019;COES_Proyectos_Conexion;IEEE_C2_2023
PVG-086,protection_ac,ac_spd_type_class,Tipo y clase del SPD AC,enum,-,TYPE1|TYPE1_2|TYPE2,,,,PROHIBITED_TO_ASSUME,DETAILED_ENGINEERING,true,true,Catálogo de SPD,IEC 61643-11,PVG-C-023,PVG-DRW-008;PVG-DRW-012,true,LEAD_ENGINEER_ELECTRICAL,IEC_61643_11;IEC_60364_7_712;NFPA_780_2023
PVG-087,protection_ac,ac_relay_protection_scheme,Esquema de protecciones AC (50/51; 51N; 27; 59; 81O/U; 46),array,-,JSON array of ANSI codes,,,,PROHIBITED_TO_ASSUME,DETAILED_ENGINEERING,true,true,Memoria de protecciones,,PVG-C-027,PVG-DRW-008;PVG-DRW-015,true,LEAD_ENGINEER_ELECTRICAL,IEEE_1547_2018;IEEE_519_2022;IEEE_C2_2023;COES_NCO_2019;COES_Proyectos_Conexion;IEEE_1547_2018
PVG-088,protection_ac,anti_islanding_scheme,Esquema anti-isla implementado,enum,-,PASSIVE_ROCOF|PASSIVE_VECTOR_SHIFT|ACTIVE_FREQUENCY_SHIFT|SANDIA_FREQUENCY_SHIFT|NONE,,,,CONDITIONAL,DETAILED_ENGINEERING,anti_islanding_required==true,true,Memoria de protecciones,Requisito IEEE 1547 / IEC 62116,PVG-C-023,PVG-DRW-008;PVG-DRW-015,false,LEAD_ENGINEER_ELECTRICAL,IEC_62109_1;IEC_62109_2;IEC_62116;UL_1741;IEEE_1547_2018;IEEE_1547_1;IEC_62116
PVG-089,protection_ac,lightning_air_terminal_class,Clase del terminal aéreo de captación pararrayos,enum,-,NFPA_780_CLASS_I|NFPA_780_CLASS_II|NFPA_780_CLASS_III|NFPA_780_CLASS_IV,,,,PROHIBITED_TO_ASSUME,DETAILED_ENGINEERING,true,true,Memoria de pararrayos,NFPA 780,PVG-C-023,PVG-DRW-012,true,LEAD_ENGINEER_ELECTRICAL,NFPA_780_2023;IEEE_80_2013
PVG-090,grounding,grounding_grid_resistance_ohm,Resistencia objetivo de la malla de tierra,float,ohm,"[0.1,20]",0.1,20,0.01,DERIVABLE,DETAILED_ENGINEERING,true,false,Calculada con IEEE 80,,PVG-C-028,PVG-DRW-012,false,LEAD_ENGINEER_ELECTRICAL,IEC_60364_5_54;IEC_60364_4_41;IEEE_80_2013;IEEE_142;IEEE_80_2013
PVG-091,grounding,grounding_conductor_section_mm2,Sección del conductor de tierra principal,float,mm2,"[16,185]",16,185,0.1,PROHIBITED_TO_ASSUME,DETAILED_ENGINEERING,true,true,Memoria de aterramiento,IEC 60364-5-54,PVG-C-028,PVG-DRW-012,true,LEAD_ENGINEER_ELECTRICAL,IEC_60364_5_54;IEC_60364_4_41;IEEE_80_2013;IEEE_142
PVG-092,grounding,step_voltage_limit_v,Tensión de paso admisible según IEEE 80,float,V,"[50,2000]",50,2000,1,DERIVABLE,DETAILED_ENGINEERING,true,false,Calculada con fórmula de Decroq,,PVG-C-028,PVG-DRW-012,false,LEAD_ENGINEER_ELECTRICAL,IEC_60364_5_54;IEC_60364_4_41;IEEE_80_2013;IEEE_142;IEEE_80_2013
PVG-093,grounding,touch_voltage_limit_v,Tensión de contacto admisible según IEEE 80,float,V,"[50,2000]",50,2000,1,DERIVABLE,DETAILED_ENGINEERING,true,false,Calculada con fórmula de Decroq,,PVG-C-028,PVG-DRW-012,false,LEAD_ENGINEER_ELECTRICAL,IEC_60364_5_54;IEC_60364_4_41;IEEE_80_2013;IEEE_142;IEEE_80_2013
PVG-094,grounding,grounding_electrode_type,Tipo de electrodo de tierra utilizado,enum,-,COPPER_RING|ROD_COPPER_CLAD|GRID_COPPER|CHEMICAL_GROUND,,,,PROHIBITED_TO_ASSUME,DETAILED_ENGINEERING,true,true,Memoria de aterramiento,,PVG-C-028,PVG-DRW-012,true,LEAD_ENGINEER_ELECTRICAL,IEC_60364_5_54;IEC_60364_4_41;IEEE_80_2013;IEEE_142
PVG-095,structure,structure_type_class,Clase de estructura de soporte de módulos,enum,-,FIXED_TILT|SINGLE_AXIS_TRACKER|DUAL_AXIS_TRACKER|SINGLE_AXIS_TRACKER_TILT_NORTH|CARPORT,,,,PROHIBITED_TO_ASSUME,BASIC_ENGINEERING,true,true,Memoria de diseño,,PVG-C-001;PVG-C-017,PVG-DRW-004;PVG-DRW-010;PVG-DRW-011,true,LEAD_ENGINEER_CIVIL,IEC_62548;IEC_62938
PVG-096,structure,structure_tilt_angle_deg,Ángulo de inclinación fijo de la estructura,float,deg,"[0,45]",0,45,0.1,CONDITIONAL,BASIC_ENGINEERING,"structure_type_class in [FIXED_TILT, CARPORT]",true,Memoria de diseño,,PVG-C-001;PVG-C-017,PVG-DRW-010;PVG-DRW-014,true,LEAD_ENGINEER_CIVIL,IEC_62548;NREL_SAM_2024
PVG-097,structure,structure_azimuth_angle_deg,Azimut geográfico de la estructura (0=Norte;180=Sur),float,deg,"[0,359]",0,359,0.1,PROHIBITED_TO_ASSUME,BASIC_ENGINEERING,true,true,Memoria de diseño,Hemisferio sur usar 0 (norte),PVG-C-001;PVG-C-017,PVG-DRW-004;PVG-DRW-010,true,LEAD_ENGINEER_CIVIL,IEC_62548;NREL_SAM_2024
PVG-098,structure,structure_clearance_to_ground_mm,Distancia libre del borde inferior del módulo al suelo,float,mm,"[200,2000]",200,2000,1,PROHIBITED_TO_ASSUME,BASIC_ENGINEERING,true,true,Memoria de diseño,,PVG-C-030,PVG-DRW-010;PVG-DRW-014,true,LEAD_ENGINEER_CIVIL,IEC_62548;NFPA_70_2023
PVG-099,structure,posting_section_mm,Sección del perfiles estructurales (posting),array,-,"JSON {section_id, width_mm, height_mm, thickness_mm}",,,,PROHIBITED_TO_ASSUME,DETAILED_ENGINEERING,true,true,Memoria estructural y catálogo,,PVG-C-017,PVG-DRW-010,true,LEAD_ENGINEER_CIVIL,ASME_B31_1_2022;IEC_62938
PVG-100,structure,girts_section_mm,Sección de los girts o purlins horizontales,array,-,"JSON {section_id, width_mm, height_mm, thickness_mm}",,,,PROHIBITED_TO_ASSUME,DETAILED_ENGINEERING,true,true,Memoria estructural y catálogo,,PVG-C-017,PVG-DRW-010,true,LEAD_ENGINEER_CIVIL,ASME_B31_1_2022;IEC_62938
PVG-101,tracker,tracker_rotation_range_deg,Rango de rotación del tracker medido desde cero,float,deg,"[-90,90]",-90,90,0.1,PROHIBITED_TO_ASSUME,DETAILED_ENGINEERING,"structure_type_class in [SINGLE_AXIS_TRACKER, DUAL_AXIS_TRACKER, SINGLE_AXIS_TRACKER_TILT_NORTH]",true,Datasheet del tracker,,PVG-C-029,PVG-DRW-011,true,LEAD_ENGINEER_CIVIL,IEC_62548;IEC_TS_63049
PVG-102,tracker,tracker_backtracking_enabled,Indicador de backtracking habilitado,boolean,-,true|false,,,,CONDITIONAL,DETAILED_ENGINEERING,structure_type_class contains TRACKER,true,Configuración del SCADA,,PVG-C-029,PVG-DRW-011,false,LEAD_ENGINEER_ELECTRICAL,NREL_SAM_2024
PVG-103,tracker,tracker_drive_type_class,Clase de accionamiento del tracker,enum,-,SINGLE_LINKAGE|MULTI_TORQUE_TUBE|INDEPENDENT_ROW|DUAL_MOTOR_LINKAGE,,,,PROHIBITED_TO_ASSUME,DETAILED_ENGINEERING,structure_type_class contains TRACKER,true,Datasheet del tracker,,PVG-C-029,PVG-DRW-011,true,LEAD_ENGINEER_CIVIL,IEC_62548
PVG-104,tracker,tracker_stow_wind_speed_ms,Velocidad de viento que activa posición de estiba (stow),float,m/s,"[15,40]",15,40,0.1,PROHIBITED_TO_ASSUME,DETAILED_ENGINEERING,structure_type_class contains TRACKER,true,Datasheet del tracker,,PVG-C-029,PVG-DRW-011,true,LEAD_ENGINEER_CIVIL,IEC_62938
PVG-105,foundation,foundation_type_class,Clase de cimentación utilizada,enum,-,H_PILE_DRIVEN|GROUND_SCREW|HELICAL_PIER|GRADE_BEAM|BALLAST|MICRO_PILE|DRILLED_SHAFT,,,,PROHIBITED_TO_ASSUME,BASIC_ENGINEERING,true,true,Memoria de cimentaciones,,PVG-C-028,PVG-DRW-009,true,LEAD_ENGINEER_CIVIL,ASME_B31_1_2022;IEC_62548
PVG-106,foundation,foundation_depth_m,Profundidad de cimentación medida desde el nivel del suelo,float,m,"[0.5,5]",0.5,5,0.01,PROHIBITED_TO_ASSUME,DETAILED_ENGINEERING,true,true,Memoria de cimentaciones,,PVG-C-028,PVG-DRW-009,true,LEAD_ENGINEER_CIVIL,ASME_B31_1_2022;IEEE_80_2013
PVG-107,foundation,foundation_section_mm,"Sección del elemento de cimentación (e.g., H-pile W-section)",array,-,"JSON {section_id, w_mm, h_mm, flange_mm, web_mm}",,,,PROHIBITED_TO_ASSUME,DETAILED_ENGINEERING,true,true,Memoria de cimentaciones,,PVG-C-028,PVG-DRW-009,true,LEAD_ENGINEER_CIVIL,ASME_B31_1_2022;IEC_62548
PVG-108,foundation,corrosion_protection_class,Clase de protección catódica o galvánica,enum,-,HOT_DIP_GALVANIZED|ZINC_SPRAY|PAINTED|CATHODIC_PROTECTION,,,,PROHIBITED_TO_ASSUME,DETAILED_ENGINEERING,true,true,Memoria de protección,Según agresividad,PVG-C-028,PVG-DRW-009,true,LEAD_ENGINEER_CIVIL,IEEE_80_2013;IEEE_142
PVG-109,foundation,ballast_block_count,Número de bloques de lastre por poste,int,-,"[1,20]",1,20,,CONDITIONAL,DETAILED_ENGINEERING,foundation_type_class==BALLAST,true,Memoria de cimentaciones,,PVG-C-028,PVG-DRW-009,false,LEAD_ENGINEER_CIVIL,ASME_B31_1_2022
PVG-110,routing,trench_width_mm,Ancho de la zanja de ruteo,float,mm,"[200,1500]",200,1500,1,PROHIBITED_TO_ASSUME,DETAILED_ENGINEERING,true,true,Memoria de ruteo,,PVG-C-012,PVG-DRW-013,true,LEAD_ENGINEER_CIVIL,NFPA_70_2023;IEEE_C2_2023
PVG-111,routing,trench_depth_mm,Profundidad de la zanja de ruteo,float,mm,"[400,2000]",400,2000,1,PROHIBITED_TO_ASSUME,DETAILED_ENGINEERING,true,true,Memoria de ruteo,,PVG-C-012,PVG-DRW-013,true,LEAD_ENGINEER_CIVIL,NFPA_70_2023;IEEE_C2_2023
PVG-112,routing,conduit_type_class,Clase de conduit o protector de cables,enum,-,PVC_SCH40|PVC_SCH80|HDPE|RIG_GALV|RMC,,,,PROHIBITED_TO_ASSUME,DETAILED_ENGINEERING,true,true,Memoria de ruteo,,PVG-C-014,PVG-DRW-013,true,LEAD_ENGINEER_ELECTRICAL,NFPA_70_2023;IEEE_C2_2023
PVG-113,routing,conduit_fill_pct,Porcentaje de llenado del conduit,float,%,"[0,40]",0,40,0.1,DERIVABLE,DETAILED_ENGINEERING,true,false,Calculado por NEC capítulo 9,,PVG-C-014,PVG-DRW-013,false,LEAD_ENGINEER_ELECTRICAL,NFPA_70_2023
PVG-114,routing,row_spacing_m,Distancia entre filas del arreglo (post-to-post),float,m,"[1,20]",1,20,0.01,DERIVABLE,BASIC_ENGINEERING,true,false,Calculada por shading y área del sitio,,PVG-C-017;PVG-C-029,PVG-DRW-004;PVG-DRW-014,false,LEAD_ENGINEER_CIVIL,IEC_62548;NREL_SAM_2024
PVG-115,routing,module_spacing_ew_mm,Espaciamiento Este-Oeste entre módulos adyacentes,float,mm,"[0,200]",0,200,1,PROHIBITED_TO_ASSUME,DETAILED_ENGINEERING,true,true,Memoria de diseño,,PVG-C-001;PVG-C-006,PVG-DRW-004;PVG-DRW-010,true,LEAD_ENGINEER_CIVIL,IEC_62548
PVG-116,production,annual_yield_mwh,Energía anual entregada al POC,float,MWh,"[10,2000000]",10,2000000,1,DERIVABLE,FEASIBILITY,true,false,Calculada con SAM o PVsyst,,PVG-C-023;PVG-C-024,PVG-DRW-001;PVG-DRW-015,false,LEAD_ENGINEER_ELECTRICAL,ASTM_E2848;IEC_61724_1;NREL_PVWatts;NREL_SAM_2024;IEA_PVPS_T1_2024
PVG-117,production,specific_yield_kwh_kwp,Rendimiento específico anual,float,kWh/kWp,"[800,2500]",800,2500,1,DERIVABLE,FEASIBILITY,true,false,Calculada como Yf / DC_installed,,PVG-C-024,PVG-DRW-001;PVG-DRW-015,false,LEAD_ENGINEER_ELECTRICAL,ASTM_E2848;IEC_61724_1;NREL_PVWatts;NREL_SAM_2024;IEA_PVPS_T1_2024
PVG-118,production,performance_ratio_pct,Performance Ratio del parque,float,%,"[60,90]",60,90,0.1,DERIVABLE,FEASIBILITY,true,false,Calculada como Yf / Yr,,PVG-C-025,PVG-DRW-001;PVG-DRW-015,false,LEAD_ENGINEER_ELECTRICAL,ASTM_E2848;IEC_61724_1;NREL_PVWatts;NREL_SAM_2024;IEA_PVPS_T1_2024;IEC_61724_1
PVG-119,production,dc_ac_ratio,Relación DC/AC del parque,float,-,"[0.8,1.5]",0.8,1.5,0.01,DERIVABLE,BASIC_ENGINEERING,true,false,Calculada como P_dc / P_ac_rated,,PVG-C-010;PVG-C-011,PVG-DRW-008,false,LEAD_ENGINEER_ELECTRICAL,IEC_62109_1;IEC_62109_2;IEC_62116;UL_1741;IEEE_1547_2018;IEEE_1547_1;NREL_SAM_2024
PVG-120,production,availability_target_pct,Disponibilidad objetivo contractual,float,%,"[95,99.9]",95,99.9,0.01,PROJECT_MANDATORY,BASIC_ENGINEERING,true,true,Contrato PPA,,PVG-C-022;PVG-C-023,PVG-DRW-015,true,PROJECT_MANAGER,IEEE_1547_2018;COES_Proyectos_Conexion
PVG-121,production,lid_loss_pct,Pérdida por Light Induced Degradation,float,%,"[0,3]",0,3,0.01,PROHIBITED_TO_ASSUME,BASIC_ENGINEERING,true,true,Datasheet del módulo,,PVG-C-021;PVG-C-023,PVG-DRW-015,true,LEAD_ENGINEER_ELECTRICAL,IEC_61215_1;IEC_61730_1;IEC_61730_2;IEC_60904_3;IEC_61853_1;IEC_61853_2;IEC_61853_4;IEC_TS_62804_1
PVG-122,scada,scada_gateway_class,Clase del gateway SCADA,enum,-,SCADA_RTU|SCADA_PLC|SCADA_IOT_EDGE|SCADA_DNP3|SCADA_IEC_61850,,,,PROHIBITED_TO_ASSUME,DETAILED_ENGINEERING,true,true,Memoria de control,,PVG-C-022,PVG-DRW-015,true,LEAD_ENGINEER_ELECTRICAL,IEEE_2030_2;IEEE_1547_4
PVG-123,scada,intelligent_combiner_box_count,Número de cajas de combinación DC inteligentes,int,-,"[0,200]",0,200,,DERIVABLE,DETAILED_ENGINEERING,true,false,Calculada como strings/strings_per_box,,PVG-C-023,PVG-DRW-006;PVG-DRW-015,false,LEAD_ENGINEER_ELECTRICAL,IEC_62817;IEC_61724_1
PVG-124,bop,fire_detection_required,Indicador de sistema de detección de incendios,boolean,-,true|false,,,,PROJECT_MANDATORY,BASIC_ENGINEERING,true,true,Memoria de seguridad,,PVG-C-022,PVG-DRW-016,true,SAFETY_ENGINEER,NFPA_70_2023;NFPA_855_2023
PVG-125,bop,dc_arc_fault_detection_required,Indicador de detección de arco DC,boolean,-,true|false,,,,PROJECT_MANDATORY,BASIC_ENGINEERING,true,true,Memoria de protecciones,Requerido por NEC 690.11,PVG-C-027,PVG-DRW-008;PVG-DRW-016,true,SAFETY_ENGINEER,NFPA_70_2023;IEC_62548
PVG-126,bop,rapid_shutdown_required,Indicador de rápido apagado DC,boolean,-,true|false,,,,PROJECT_MANDATORY,BASIC_ENGINEERING,true,true,Memoria de protecciones,Requerido por NEC 690.12,PVG-C-027,PVG-DRW-008,true,SAFETY_ENGINEER,NFPA_70_2023
PVG-127,bop,pid_protection_required,Indicador de protección anti-PID,boolean,-,true|false,,,,CONDITIONAL,DETAILED_ENGINEERING,"module_technology_class in [PV_MODULE_MONOCRYSTALLINE, PV_MODULE_POLYCRYSTALLINE]",true,Memoria de diseño,Recomendado por IEC TS 62804-1,PVG-C-020;PVG-C-021,PVG-DRW-015,false,LEAD_ENGINEER_ELECTRICAL,IEC_TS_62804_1;IEC_TS_63049
